shipment_id,source_row,quality_score,selected,conflict_columns,resolution
SHP-00056881,7,15,True,,exact duplicate; retained first source row
SHP-00056881,61511,15,False,,exact duplicate; retained first source row
SHP-00063160,14,15,True,,exact duplicate; retained first source row
SHP-00063160,87878,15,False,,exact duplicate; retained first source row
SHP-00059156,35,15,True,,exact duplicate; retained first source row
SHP-00059156,67177,15,False,,exact duplicate; retained first source row
SHP-00069971,41,15,True,,exact duplicate; retained first source row
SHP-00069971,77585,15,False,,exact duplicate; retained first source row
SHP-00069589,62,15,True,,exact duplicate; retained first source row
SHP-00069589,25610,15,False,,exact duplicate; retained first source row
SHP-00046842,64,15,True,,exact duplicate; retained first source row
SHP-00046842,24193,15,False,,exact duplicate; retained first source row
SHP-00082849,82,15,True,freight_cost_usd,retained highest-quality copy; conflict in freight_cost_usd
SHP-00082849,7103,11,False,freight_cost_usd,retained highest-quality copy; conflict in freight_cost_usd
SHP-00056973,124,15,True,,exact duplicate; retained first source row
SHP-00056973,76256,15,False,,exact duplicate; retained first source row
SHP-00026134,147,15,True,,exact duplicate; retained first source row
SHP-00026134,41965,15,False,,exact duplicate; retained first source row
SHP-00017629,157,15,True,,exact duplicate; retained first source row
SHP-00017629,24825,15,False,,exact duplicate; retained first source row
SHP-00061500,160,15,True,,exact duplicate; retained first source row
SHP-00061500,62389,15,False,,exact duplicate; retained first source row
SHP-00043274,196,15,True,,exact duplicate; retained first source row
SHP-00043274,43831,15,False,,exact duplicate; retained first source row
SHP-00048095,216,15,True,,exact duplicate; retained first source row
SHP-00048095,77174,15,False,,exact duplicate; retained first source row
SHP-00065362,222,15,True,,exact duplicate; retained first source row
SHP-00065362,6516,15,False,,exact duplicate; retained first source row
SHP-00060499,224,14,True,,exact duplicate; retained first source row
SHP-00060499,77219,14,False,,exact duplicate; retained first source row
SHP-00016078,241,14,True,,exact duplicate; retained first source row
SHP-00016078,37565,14,False,,exact duplicate; retained first source row
SHP-00006018,253,15,True,,exact duplicate; retained first source row
SHP-00006018,58380,15,False,,exact duplicate; retained first source row
SHP-00028835,254,15,True,,exact duplicate; retained first source row
SHP-00028835,30711,15,False,,exact duplicate; retained first source row
SHP-00041444,256,10,False,freight_cost_usd,retained highest-quality copy; conflict in freight_cost_usd
SHP-00041444,40943,14,True,freight_cost_usd,retained highest-quality copy; conflict in freight_cost_usd
SHP-00005196,257,15,True,,exact duplicate; retained first source row
SHP-00005196,32381,15,False,,exact duplicate; retained first source row
SHP-00032152,290,15,True,,exact duplicate; retained first source row
SHP-00032152,50911,15,False,,exact duplicate; retained first source row
SHP-00034497,304,14,True,,exact duplicate; retained first source row
SHP-00034497,10243,14,False,,exact duplicate; retained first source row
SHP-00080369,316,15,True,,exact duplicate; retained first source row
SHP-00080369,45633,15,False,,exact duplicate; retained first source row
SHP-00001387,317,15,True,,exact duplicate; retained first source row
SHP-00001387,38461,15,False,,exact duplicate; retained first source row
SHP-00084546,320,14,True,,exact duplicate; retained first source row
SHP-00084546,22363,14,False,,exact duplicate; retained first source row
SHP-00033519,346,15,True,,exact duplicate; retained first source row
SHP-00033519,36662,15,False,,exact duplicate; retained first source row
SHP-00032611,366,14,True,,exact duplicate; retained first source row
SHP-00032611,44971,14,False,,exact duplicate; retained first source row
SHP-00063459,372,15,True,,exact duplicate; retained first source row
SHP-00063459,73201,15,False,,exact duplicate; retained first source row
SHP-00030198,388,14,True,,exact duplicate; retained first source row
SHP-00030198,87801,14,False,,exact duplicate; retained first source row
SHP-00036312,414,15,True,,exact duplicate; retained first source row
SHP-00036312,85208,15,False,,exact duplicate; retained first source row
SHP-00075796,422,15,True,,exact duplicate; retained first source row
SHP-00075796,54031,15,False,,exact duplicate; retained first source row
SHP-00055590,480,15,True,,exact duplicate; retained first source row
SHP-00055590,33308,15,False,,exact duplicate; retained first source row
SHP-00055756,503,13,False,transport_mode,retained highest-quality copy; conflict in transport_mode
SHP-00055756,63281,15,True,transport_mode,retained highest-quality copy; conflict in transport_mode
SHP-00075463,509,14,True,,exact duplicate; retained first source row
SHP-00075463,37484,14,False,,exact duplicate; retained first source row
SHP-00029824,531,14,True,,exact duplicate; retained first source row
SHP-00029824,72334,14,False,,exact duplicate; retained first source row
SHP-00047492,547,15,True,,exact duplicate; retained first source row
SHP-00047492,3507,15,False,,exact duplicate; retained first source row
SHP-00015158,549,15,True,,exact duplicate; retained first source row
SHP-00015158,76154,15,False,,exact duplicate; retained first source row
SHP-00003387,560,15,True,,exact duplicate; retained first source row
SHP-00003387,42471,15,False,,exact duplicate; retained first source row
SHP-00033291,574,15,True,,exact duplicate; retained first source row
SHP-00033291,77470,15,False,,exact duplicate; retained first source row
SHP-00017183,588,15,True,freight_cost_usd,retained highest-quality copy; conflict in freight_cost_usd
SHP-00017183,31867,11,False,freight_cost_usd,retained highest-quality copy; conflict in freight_cost_usd
SHP-00079108,602,14,True,,exact duplicate; retained first source row
SHP-00079108,60137,14,False,,exact duplicate; retained first source row
SHP-00037603,619,15,True,,exact duplicate; retained first source row
SHP-00037603,73131,15,False,,exact duplicate; retained first source row
SHP-00068138,631,15,True,,exact duplicate; retained first source row
SHP-00068138,74889,15,False,,exact duplicate; retained first source row
SHP-00006829,669,15,True,,exact duplicate; retained first source row
SHP-00006829,5808,15,False,,exact duplicate; retained first source row
SHP-00035456,681,14,True,,exact duplicate; retained first source row
SHP-00035456,73733,14,False,,exact duplicate; retained first source row
SHP-00010562,686,15,True,,exact duplicate; retained first source row
SHP-00010562,3952,15,False,,exact duplicate; retained first source row
SHP-00023429,692,15,True,,exact duplicate; retained first source row
SHP-00023429,42488,15,False,,exact duplicate; retained first source row
SHP-00004265,701,15,True,,exact duplicate; retained first source row
SHP-00004265,79818,15,False,,exact duplicate; retained first source row
SHP-00057763,707,15,True,,exact duplicate; retained first source row
SHP-00057763,29488,15,False,,exact duplicate; retained first source row
SHP-00030037,709,14,True,,exact duplicate; retained first source row
SHP-00030037,1588,14,False,,exact duplicate; retained first source row
SHP-00048749,742,14,True,,exact duplicate; retained first source row
SHP-00048749,68476,14,False,,exact duplicate; retained first source row
SHP-00061778,748,15,True,,exact duplicate; retained first source row
SHP-00061778,47243,15,False,,exact duplicate; retained first source row
SHP-00059276,808,7,False,shipment_weight_kg,retained highest-quality copy; conflict in shipment_weight_kg
SHP-00059276,75007,15,True,shipment_weight_kg,retained highest-quality copy; conflict in shipment_weight_kg
SHP-00066115,828,12,False,transport_mode,retained highest-quality copy; conflict in transport_mode
SHP-00066115,6414,14,True,transport_mode,retained highest-quality copy; conflict in transport_mode
SHP-00076455,843,7,False,shipment_weight_kg,retained highest-quality copy; conflict in shipment_weight_kg
SHP-00076455,39917,15,True,shipment_weight_kg,retained highest-quality copy; conflict in shipment_weight_kg
SHP-00025529,847,11,False,freight_cost_usd,retained highest-quality copy; conflict in freight_cost_usd
SHP-00025529,23388,15,True,freight_cost_usd,retained highest-quality copy; conflict in freight_cost_usd
SHP-00076477,863,15,True,,exact duplicate; retained first source row
SHP-00076477,85516,15,False,,exact duplicate; retained first source row
SHP-00043769,877,7,False,shipment_weight_kg,retained highest-quality copy; conflict in shipment_weight_kg
SHP-00043769,64963,15,True,shipment_weight_kg,retained highest-quality copy; conflict in shipment_weight_kg
SHP-00075864,881,15,True,,exact duplicate; retained first source row
SHP-00075864,37387,15,False,,exact duplicate; retained first source row
SHP-00035779,903,15,True,,exact duplicate; retained first source row
SHP-00035779,19642,15,False,,exact duplicate; retained first source row
SHP-00062129,910,15,True,,exact duplicate; retained first source row
SHP-00062129,10083,15,False,,exact duplicate; retained first source row
SHP-00038677,916,15,True,,exact duplicate; retained first source row
SHP-00038677,10708,15,False,,exact duplicate; retained first source row
SHP-00082884,925,15,True,,exact duplicate; retained first source row
SHP-00082884,87228,15,False,,exact duplicate; retained first source row
SHP-00024680,937,15,True,,exact duplicate; retained first source row
SHP-00024680,55569,15,False,,exact duplicate; retained first source row
SHP-00076164,966,15,True,,exact duplicate; retained first source row
SHP-00076164,75691,15,False,,exact duplicate; retained first source row
SHP-00014230,970,14,True,,exact duplicate; retained first source row
SHP-00014230,18344,14,False,,exact duplicate; retained first source row
SHP-00081267,986,15,True,,exact duplicate; retained first source row
SHP-00081267,56567,15,False,,exact duplicate; retained first source row
SHP-00036278,990,14,True,,exact duplicate; retained first source row
SHP-00036278,87849,14,False,,exact duplicate; retained first source row
SHP-00007682,999,6,False,shipment_weight_kg,retained highest-quality copy; conflict in shipment_weight_kg
SHP-00007682,15382,14,True,shipment_weight_kg,retained highest-quality copy; conflict in shipment_weight_kg
SHP-00020387,1015,14,True,,exact duplicate; retained first source row
SHP-00020387,74750,14,False,,exact duplicate; retained first source row
SHP-00000874,1016,14,True,,exact duplicate; retained first source row
SHP-00000874,6163,14,False,,exact duplicate; retained first source row
SHP-00037663,1021,15,True,freight_cost_usd,retained highest-quality copy; conflict in freight_cost_usd
SHP-00037663,21745,11,False,freight_cost_usd,retained highest-quality copy; conflict in freight_cost_usd
SHP-00035394,1025,15,True,,exact duplicate; retained first source row
SHP-00035394,60432,15,False,,exact duplicate; retained first source row
SHP-00001540,1047,14,True,,exact duplicate; retained first source row
SHP-00001540,45553,14,False,,exact duplicate; retained first source row
SHP-00059211,1054,15,True,,exact duplicate; retained first source row
SHP-00059211,57861,15,False,,exact duplicate; retained first source row
SHP-00003090,1074,14,True,,exact duplicate; retained first source row
SHP-00003090,75753,14,False,,exact duplicate; retained first source row
SHP-00036721,1093,15,True,,exact duplicate; retained first source row
SHP-00036721,58248,15,False,,exact duplicate; retained first source row
SHP-00044752,1100,15,True,,exact duplicate; retained first source row
SHP-00044752,33256,15,False,,exact duplicate; retained first source row
SHP-00064114,1140,15,True,,exact duplicate; retained first source row
SHP-00064114,74271,15,False,,exact duplicate; retained first source row
SHP-00009077,1142,14,True,,exact duplicate; retained first source row
SHP-00009077,29893,14,False,,exact duplicate; retained first source row
SHP-00046658,1178,15,True,,exact duplicate; retained first source row
SHP-00046658,30773,15,False,,exact duplicate; retained first source row
SHP-00071746,1184,15,True,,exact duplicate; retained first source row
SHP-00071746,43686,15,False,,exact duplicate; retained first source row
SHP-00077597,1190,14,True,,exact duplicate; retained first source row
SHP-00077597,82252,14,False,,exact duplicate; retained first source row
SHP-00035595,1192,15,True,,exact duplicate; retained first source row
SHP-00035595,11609,15,False,,exact duplicate; retained first source row
SHP-00003808,1196,15,True,,exact duplicate; retained first source row
SHP-00003808,34671,15,False,,exact duplicate; retained first source row
SHP-00020978,1213,15,True,,exact duplicate; retained first source row
SHP-00020978,57385,15,False,,exact duplicate; retained first source row
SHP-00067146,1222,15,True,,exact duplicate; retained first source row
SHP-00067146,40840,15,False,,exact duplicate; retained first source row
SHP-00061777,1252,14,True,,exact duplicate; retained first source row
SHP-00061777,66688,14,False,,exact duplicate; retained first source row
SHP-00075269,1313,15,True,,exact duplicate; retained first source row
SHP-00075269,57852,15,False,,exact duplicate; retained first source row
SHP-00012622,1329,15,True,,exact duplicate; retained first source row
SHP-00012622,25159,15,False,,exact duplicate; retained first source row
SHP-00012713,1347,15,True,,exact duplicate; retained first source row
SHP-00012713,20516,15,False,,exact duplicate; retained first source row
SHP-00031353,1349,15,True,,exact duplicate; retained first source row
SHP-00031353,36585,15,False,,exact duplicate; retained first source row
SHP-00070462,1352,15,True,,exact duplicate; retained first source row
SHP-00070462,8076,15,False,,exact duplicate; retained first source row
SHP-00038128,1385,14,True,,exact duplicate; retained first source row
SHP-00038128,86610,14,False,,exact duplicate; retained first source row
SHP-00083139,1391,15,True,,exact duplicate; retained first source row
SHP-00083139,11481,15,False,,exact duplicate; retained first source row
SHP-00031790,1401,7,False,shipment_weight_kg,retained highest-quality copy; conflict in shipment_weight_kg
SHP-00031790,88222,15,True,shipment_weight_kg,retained highest-quality copy; conflict in shipment_weight_kg
SHP-00038084,1459,15,True,,exact duplicate; retained first source row
SHP-00038084,3555,15,False,,exact duplicate; retained first source row
SHP-00009780,1488,15,True,,exact duplicate; retained first source row
SHP-00009780,12263,15,False,,exact duplicate; retained first source row
SHP-00036345,1502,14,True,,exact duplicate; retained first source row
SHP-00036345,37665,14,False,,exact duplicate; retained first source row
SHP-00027902,1528,15,True,,exact duplicate; retained first source row
SHP-00027902,29724,15,False,,exact duplicate; retained first source row
SHP-00018852,1534,10,False,freight_cost_usd,retained highest-quality copy; conflict in freight_cost_usd
SHP-00018852,52583,14,True,freight_cost_usd,retained highest-quality copy; conflict in freight_cost_usd
SHP-00067868,1539,15,True,,exact duplicate; retained first source row
SHP-00067868,66448,15,False,,exact duplicate; retained first source row
SHP-00015262,1546,15,True,,exact duplicate; retained first source row
SHP-00015262,80236,15,False,,exact duplicate; retained first source row
SHP-00016837,1580,15,True,,exact duplicate; retained first source row
SHP-00016837,57449,15,False,,exact duplicate; retained first source row
SHP-00041636,1589,14,True,,exact duplicate; retained first source row
SHP-00041636,37842,14,False,,exact duplicate; retained first source row
SHP-00040104,1622,15,True,,exact duplicate; retained first source row
SHP-00040104,28576,15,False,,exact duplicate; retained first source row
SHP-00004113,1627,14,True,,exact duplicate; retained first source row
SHP-00004113,53973,14,False,,exact duplicate; retained first source row
SHP-00072003,1657,14,True,,exact duplicate; retained first source row
SHP-00072003,39256,14,False,,exact duplicate; retained first source row
SHP-00050524,1660,15,True,,exact duplicate; retained first source row
SHP-00050524,56470,15,False,,exact duplicate; retained first source row
SHP-00031325,1661,15,True,,exact duplicate; retained first source row
SHP-00031325,56986,15,False,,exact duplicate; retained first source row
SHP-00034288,1676,14,True,,exact duplicate; retained first source row
SHP-00034288,48891,14,False,,exact duplicate; retained first source row
SHP-00026986,1679,15,True,,exact duplicate; retained first source row
SHP-00026986,80495,15,False,,exact duplicate; retained first source row
SHP-00083263,1696,15,True,,exact duplicate; retained first source row
SHP-00083263,29751,15,False,,exact duplicate; retained first source row
SHP-00067487,1699,15,True,,exact duplicate; retained first source row
SHP-00067487,80903,15,False,,exact duplicate; retained first source row
SHP-00069015,1748,15,True,,exact duplicate; retained first source row
SHP-00069015,48690,15,False,,exact duplicate; retained first source row
SHP-00018969,1755,15,True,,exact duplicate; retained first source row
SHP-00018969,40866,15,False,,exact duplicate; retained first source row
SHP-00066908,1776,15,True,,exact duplicate; retained first source row
SHP-00066908,55733,15,False,,exact duplicate; retained first source row
SHP-00003365,1808,15,True,,exact duplicate; retained first source row
SHP-00003365,24408,15,False,,exact duplicate; retained first source row
SHP-00072789,1834,15,True,,exact duplicate; retained first source row
SHP-00072789,34628,15,False,,exact duplicate; retained first source row
SHP-00026745,1863,15,True,,exact duplicate; retained first source row
SHP-00026745,44966,15,False,,exact duplicate; retained first source row
SHP-00049165,1868,15,True,,exact duplicate; retained first source row
SHP-00049165,70321,15,False,,exact duplicate; retained first source row
SHP-00007237,1869,14,True,freight_cost_usd,retained highest-quality copy; conflict in freight_cost_usd
SHP-00007237,84635,10,False,freight_cost_usd,retained highest-quality copy; conflict in freight_cost_usd
SHP-00079006,1878,15,True,,exact duplicate; retained first source row
SHP-00079006,11653,15,False,,exact duplicate; retained first source row
SHP-00030822,1903,15,True,freight_cost_usd,retained highest-quality copy; conflict in freight_cost_usd
SHP-00030822,77653,11,False,freight_cost_usd,retained highest-quality copy; conflict in freight_cost_usd
SHP-00005105,1908,14,True,,exact duplicate; retained first source row
SHP-00005105,30731,14,False,,exact duplicate; retained first source row
SHP-00023156,1916,15,True,,exact duplicate; retained first source row
SHP-00023156,78458,15,False,,exact duplicate; retained first source row
SHP-00074760,1928,15,True,,exact duplicate; retained first source row
SHP-00074760,85003,15,False,,exact duplicate; retained first source row
SHP-00085402,1969,14,True,,exact duplicate; retained first source row
SHP-00085402,50501,14,False,,exact duplicate; retained first source row
SHP-00034655,1987,14,True,,exact duplicate; retained first source row
SHP-00034655,2821,14,False,,exact duplicate; retained first source row
SHP-00069478,2050,15,True,,exact duplicate; retained first source row
SHP-00069478,5392,15,False,,exact duplicate; retained first source row
SHP-00050815,2079,15,True,,exact duplicate; retained first source row
SHP-00050815,56780,15,False,,exact duplicate; retained first source row
SHP-00034412,2080,14,True,,exact duplicate; retained first source row
SHP-00034412,47729,14,False,,exact duplicate; retained first source row
SHP-00014678,2090,15,True,,exact duplicate; retained first source row
SHP-00014678,64772,15,False,,exact duplicate; retained first source row
SHP-00076825,2105,15,True,,exact duplicate; retained first source row
SHP-00076825,15598,15,False,,exact duplicate; retained first source row
SHP-00083906,2128,15,True,,exact duplicate; retained first source row
SHP-00083906,35817,15,False,,exact duplicate; retained first source row
SHP-00029347,2131,15,True,,exact duplicate; retained first source row
SHP-00029347,46403,15,False,,exact duplicate; retained first source row
SHP-00024453,2155,15,True,,exact duplicate; retained first source row
SHP-00024453,17303,15,False,,exact duplicate; retained first source row
SHP-00050099,2209,15,True,,exact duplicate; retained first source row
SHP-00050099,73455,15,False,,exact duplicate; retained first source row
SHP-00058886,2236,14,True,,exact duplicate; retained first source row
SHP-00058886,67909,14,False,,exact duplicate; retained first source row
SHP-00001374,2237,15,True,,exact duplicate; retained first source row
SHP-00001374,12146,15,False,,exact duplicate; retained first source row
SHP-00001212,2257,15,True,,exact duplicate; retained first source row
SHP-00001212,54196,15,False,,exact duplicate; retained first source row
SHP-00009641,2260,15,True,,exact duplicate; retained first source row
SHP-00009641,34549,15,False,,exact duplicate; retained first source row
SHP-00079119,2280,15,True,,exact duplicate; retained first source row
SHP-00079119,48388,15,False,,exact duplicate; retained first source row
SHP-00084053,2317,15,True,,exact duplicate; retained first source row
SHP-00084053,42154,15,False,,exact duplicate; retained first source row
SHP-00041940,2325,15,True,,exact duplicate; retained first source row
SHP-00041940,40159,15,False,,exact duplicate; retained first source row
SHP-00011605,2356,15,True,,exact duplicate; retained first source row
SHP-00011605,77837,15,False,,exact duplicate; retained first source row
SHP-00058258,2372,14,True,,exact duplicate; retained first source row
SHP-00058258,33472,14,False,,exact duplicate; retained first source row
SHP-00007625,2377,15,True,,exact duplicate; retained first source row
SHP-00007625,55091,15,False,,exact duplicate; retained first source row
SHP-00005578,2380,15,True,,exact duplicate; retained first source row
SHP-00005578,88526,15,False,,exact duplicate; retained first source row
SHP-00043494,2396,15,True,,exact duplicate; retained first source row
SHP-00043494,87394,15,False,,exact duplicate; retained first source row
SHP-00069972,2413,11,False,freight_cost_usd,retained highest-quality copy; conflict in freight_cost_usd
SHP-00069972,56283,15,True,freight_cost_usd,retained highest-quality copy; conflict in freight_cost_usd
SHP-00053100,2423,15,True,,exact duplicate; retained first source row
SHP-00053100,16947,15,False,,exact duplicate; retained first source row
SHP-00039084,2438,15,True,,exact duplicate; retained first source row
SHP-00039084,65852,15,False,,exact duplicate; retained first source row
SHP-00073118,2456,15,True,,exact duplicate; retained first source row
SHP-00073118,18589,15,False,,exact duplicate; retained first source row
SHP-00030255,2464,15,True,,exact duplicate; retained first source row
SHP-00030255,28867,15,False,,exact duplicate; retained first source row
SHP-00015389,2468,14,True,,exact duplicate; retained first source row
SHP-00015389,60884,14,False,,exact duplicate; retained first source row
SHP-00053710,2470,7,False,shipment_weight_kg,retained highest-quality copy; conflict in shipment_weight_kg
SHP-00053710,60123,15,True,shipment_weight_kg,retained highest-quality copy; conflict in shipment_weight_kg
SHP-00036328,2513,15,True,,exact duplicate; retained first source row
SHP-00036328,56700,15,False,,exact duplicate; retained first source row
SHP-00008714,2554,15,True,,exact duplicate; retained first source row
SHP-00008714,56362,15,False,,exact duplicate; retained first source row
SHP-00032899,2556,15,True,,exact duplicate; retained first source row
SHP-00032899,77503,15,False,,exact duplicate; retained first source row
SHP-00005544,2563,15,True,,exact duplicate; retained first source row
SHP-00005544,69746,15,False,,exact duplicate; retained first source row
SHP-00001914,2567,14,True,,exact duplicate; retained first source row
SHP-00001914,18249,14,False,,exact duplicate; retained first source row
SHP-00005590,2573,15,True,,exact duplicate; retained first source row
SHP-00005590,32379,15,False,,exact duplicate; retained first source row
SHP-00037245,2577,14,True,,exact duplicate; retained first source row
SHP-00037245,78343,14,False,,exact duplicate; retained first source row
SHP-00038233,2588,14,True,,exact duplicate; retained first source row
SHP-00038233,25752,14,False,,exact duplicate; retained first source row
SHP-00027077,2663,15,True,,exact duplicate; retained first source row
SHP-00027077,72893,15,False,,exact duplicate; retained first source row
SHP-00014162,2676,15,True,,exact duplicate; retained first source row
SHP-00014162,40617,15,False,,exact duplicate; retained first source row
SHP-00052764,2694,15,True,,exact duplicate; retained first source row
SHP-00052764,18620,15,False,,exact duplicate; retained first source row
SHP-00078969,2696,14,True,,exact duplicate; retained first source row
SHP-00078969,86231,14,False,,exact duplicate; retained first source row
SHP-00043093,2707,15,True,,exact duplicate; retained first source row
SHP-00043093,39662,15,False,,exact duplicate; retained first source row
SHP-00070145,2718,15,True,,exact duplicate; retained first source row
SHP-00070145,62572,15,False,,exact duplicate; retained first source row
SHP-00046990,2734,15,True,,exact duplicate; retained first source row
SHP-00046990,10933,15,False,,exact duplicate; retained first source row
SHP-00059681,2749,14,True,,exact duplicate; retained first source row
SHP-00059681,45312,14,False,,exact duplicate; retained first source row
SHP-00015670,2777,15,True,,exact duplicate; retained first source row
SHP-00015670,51646,15,False,,exact duplicate; retained first source row
SHP-00024605,2804,14,True,,exact duplicate; retained first source row
SHP-00024605,33856,14,False,,exact duplicate; retained first source row
SHP-00023606,2805,15,True,,exact duplicate; retained first source row
SHP-00023606,59719,15,False,,exact duplicate; retained first source row
SHP-00068308,2832,15,True,,exact duplicate; retained first source row
SHP-00068308,42279,15,False,,exact duplicate; retained first source row
SHP-00006077,2837,15,True,,exact duplicate; retained first source row
SHP-00006077,51936,15,False,,exact duplicate; retained first source row
SHP-00063204,2840,14,True,,exact duplicate; retained first source row
SHP-00063204,3966,14,False,,exact duplicate; retained first source row
SHP-00041422,2851,15,True,,exact duplicate; retained first source row
SHP-00041422,7895,15,False,,exact duplicate; retained first source row
SHP-00078594,2881,14,True,transport_mode,retained highest-quality copy; conflict in transport_mode
SHP-00078594,84860,12,False,transport_mode,retained highest-quality copy; conflict in transport_mode
SHP-00065372,2922,14,True,,exact duplicate; retained first source row
SHP-00065372,11134,14,False,,exact duplicate; retained first source row
SHP-00020722,2927,14,True,,exact duplicate; retained first source row
SHP-00020722,71564,14,False,,exact duplicate; retained first source row
SHP-00049123,2969,15,True,,exact duplicate; retained first source row
SHP-00049123,62081,15,False,,exact duplicate; retained first source row
SHP-00031845,2977,15,True,,exact duplicate; retained first source row
SHP-00031845,48122,15,False,,exact duplicate; retained first source row
SHP-00068126,3006,15,True,,exact duplicate; retained first source row
SHP-00068126,33946,15,False,,exact duplicate; retained first source row
SHP-00023840,3017,15,True,,exact duplicate; retained first source row
SHP-00023840,40296,15,False,,exact duplicate; retained first source row
SHP-00053551,3023,15,True,shipment_weight_kg,retained highest-quality copy; conflict in shipment_weight_kg
SHP-00053551,11736,7,False,shipment_weight_kg,retained highest-quality copy; conflict in shipment_weight_kg
SHP-00021469,3034,15,True,,exact duplicate; retained first source row
SHP-00021469,17430,15,False,,exact duplicate; retained first source row
SHP-00002965,3054,14,True,,exact duplicate; retained first source row
SHP-00002965,41697,14,False,,exact duplicate; retained first source row
SHP-00022189,3059,14,True,,exact duplicate; retained first source row
SHP-00022189,68188,14,False,,exact duplicate; retained first source row
SHP-00005524,3065,15,True,,exact duplicate; retained first source row
SHP-00005524,36383,15,False,,exact duplicate; retained first source row
SHP-00064196,3106,14,True,,exact duplicate; retained first source row
SHP-00064196,27829,14,False,,exact duplicate; retained first source row
SHP-00032004,3162,15,True,,exact duplicate; retained first source row
SHP-00032004,48131,15,False,,exact duplicate; retained first source row
SHP-00077276,3171,14,True,,exact duplicate; retained first source row
SHP-00077276,8618,14,False,,exact duplicate; retained first source row
SHP-00067978,3193,13,True,"transport_mode, shipment_weight_kg","retained highest-quality copy; conflict in transport_mode, shipment_weight_kg"
SHP-00067978,7066,7,False,"transport_mode, shipment_weight_kg","retained highest-quality copy; conflict in transport_mode, shipment_weight_kg"
SHP-00079851,3240,11,False,freight_cost_usd,retained highest-quality copy; conflict in freight_cost_usd
SHP-00079851,58223,15,True,freight_cost_usd,retained highest-quality copy; conflict in freight_cost_usd
SHP-00014768,3257,14,True,,exact duplicate; retained first source row
SHP-00014768,23837,14,False,,exact duplicate; retained first source row
SHP-00037473,3281,15,True,,exact duplicate; retained first source row
SHP-00037473,18305,15,False,,exact duplicate; retained first source row
SHP-00028450,3297,15,True,,exact duplicate; retained first source row
SHP-00028450,69818,15,False,,exact duplicate; retained first source row
SHP-00076625,3312,15,True,,exact duplicate; retained first source row
SHP-00076625,4332,15,False,,exact duplicate; retained first source row
SHP-00052742,3316,14,True,,exact duplicate; retained first source row
SHP-00052742,67953,14,False,,exact duplicate; retained first source row
SHP-00074438,3317,15,True,,exact duplicate; retained first source row
SHP-00074438,62647,15,False,,exact duplicate; retained first source row
SHP-00010923,3319,14,True,,exact duplicate; retained first source row
SHP-00010923,32413,14,False,,exact duplicate; retained first source row
SHP-00018485,3322,15,True,,exact duplicate; retained first source row
SHP-00018485,5198,15,False,,exact duplicate; retained first source row
SHP-00036923,3324,14,True,,exact duplicate; retained first source row
SHP-00036923,86996,14,False,,exact duplicate; retained first source row
SHP-00041817,3338,15,True,,exact duplicate; retained first source row
SHP-00041817,68682,15,False,,exact duplicate; retained first source row
SHP-00000282,3354,15,True,,exact duplicate; retained first source row
SHP-00000282,77312,15,False,,exact duplicate; retained first source row
SHP-00016970,3403,14,True,,exact duplicate; retained first source row
SHP-00016970,15611,14,False,,exact duplicate; retained first source row
SHP-00073891,3424,15,True,,exact duplicate; retained first source row
SHP-00073891,58808,15,False,,exact duplicate; retained first source row
SHP-00008220,3426,15,True,,exact duplicate; retained first source row
SHP-00008220,9573,15,False,,exact duplicate; retained first source row
SHP-00082652,3435,15,True,,exact duplicate; retained first source row
SHP-00082652,3733,15,False,,exact duplicate; retained first source row
SHP-00084782,3438,14,True,,exact duplicate; retained first source row
SHP-00084782,84204,14,False,,exact duplicate; retained first source row
SHP-00035707,3466,15,True,,exact duplicate; retained first source row
SHP-00035707,24787,15,False,,exact duplicate; retained first source row
SHP-00051260,3485,15,True,,exact duplicate; retained first source row
SHP-00051260,39557,15,False,,exact duplicate; retained first source row
SHP-00027350,3486,15,True,,exact duplicate; retained first source row
SHP-00027350,33003,15,False,,exact duplicate; retained first source row
SHP-00001489,3494,15,True,,exact duplicate; retained first source row
SHP-00001489,27715,15,False,,exact duplicate; retained first source row
SHP-00017420,3515,15,True,,exact duplicate; retained first source row
SHP-00017420,64238,15,False,,exact duplicate; retained first source row
SHP-00072453,3568,14,True,,exact duplicate; retained first source row
SHP-00072453,41510,14,False,,exact duplicate; retained first source row
SHP-00082437,3580,15,True,,exact duplicate; retained first source row
SHP-00082437,30508,15,False,,exact duplicate; retained first source row
SHP-00001439,3588,7,False,shipment_weight_kg,retained highest-quality copy; conflict in shipment_weight_kg
SHP-00001439,31391,15,True,shipment_weight_kg,retained highest-quality copy; conflict in shipment_weight_kg
SHP-00075383,3640,15,True,transport_mode,retained highest-quality copy; conflict in transport_mode
SHP-00075383,36196,13,False,transport_mode,retained highest-quality copy; conflict in transport_mode
SHP-00033230,3653,15,True,,exact duplicate; retained first source row
SHP-00033230,34677,15,False,,exact duplicate; retained first source row
SHP-00007158,3681,14,True,,exact duplicate; retained first source row
SHP-00007158,40111,14,False,,exact duplicate; retained first source row
SHP-00031593,3699,15,True,,exact duplicate; retained first source row
SHP-00031593,46444,15,False,,exact duplicate; retained first source row
SHP-00007184,3741,15,True,,exact duplicate; retained first source row
SHP-00007184,24569,15,False,,exact duplicate; retained first source row
SHP-00055610,3756,15,True,,exact duplicate; retained first source row
SHP-00055610,55883,15,False,,exact duplicate; retained first source row
SHP-00001201,3779,14,True,,exact duplicate; retained first source row
SHP-00001201,29677,14,False,,exact duplicate; retained first source row
SHP-00003032,3784,14,True,,exact duplicate; retained first source row
SHP-00003032,70016,14,False,,exact duplicate; retained first source row
SHP-00027345,3809,14,True,,exact duplicate; retained first source row
SHP-00027345,59410,14,False,,exact duplicate; retained first source row
SHP-00018857,3813,15,True,,exact duplicate; retained first source row
SHP-00018857,76163,15,False,,exact duplicate; retained first source row
SHP-00074939,3823,15,True,,exact duplicate; retained first source row
SHP-00074939,17924,15,False,,exact duplicate; retained first source row
SHP-00041762,3825,15,True,,exact duplicate; retained first source row
SHP-00041762,38431,15,False,,exact duplicate; retained first source row
SHP-00063555,3842,14,True,,exact duplicate; retained first source row
SHP-00063555,11531,14,False,,exact duplicate; retained first source row
SHP-00024847,3849,15,True,,exact duplicate; retained first source row
SHP-00024847,47271,15,False,,exact duplicate; retained first source row
SHP-00027730,3854,14,True,,exact duplicate; retained first source row
SHP-00027730,17953,14,False,,exact duplicate; retained first source row
SHP-00052804,3861,14,True,,exact duplicate; retained first source row
SHP-00052804,57895,14,False,,exact duplicate; retained first source row
SHP-00021001,3863,15,True,,exact duplicate; retained first source row
SHP-00021001,7713,15,False,,exact duplicate; retained first source row
SHP-00037894,3882,14,True,,exact duplicate; retained first source row
SHP-00037894,16991,14,False,,exact duplicate; retained first source row
SHP-00022775,3913,15,True,freight_cost_usd,retained highest-quality copy; conflict in freight_cost_usd
SHP-00022775,37622,11,False,freight_cost_usd,retained highest-quality copy; conflict in freight_cost_usd
SHP-00035692,3932,14,True,,exact duplicate; retained first source row
SHP-00035692,82961,14,False,,exact duplicate; retained first source row
SHP-00016331,3945,15,True,,exact duplicate; retained first source row
SHP-00016331,33505,15,False,,exact duplicate; retained first source row
SHP-00059647,4021,15,True,,exact duplicate; retained first source row
SHP-00059647,64897,15,False,,exact duplicate; retained first source row
SHP-00050407,4024,14,True,,exact duplicate; retained first source row
SHP-00050407,52024,14,False,,exact duplicate; retained first source row
SHP-00085614,4052,15,True,,exact duplicate; retained first source row
SHP-00085614,8147,15,False,,exact duplicate; retained first source row
SHP-00037794,4056,15,True,,exact duplicate; retained first source row
SHP-00037794,53157,15,False,,exact duplicate; retained first source row
SHP-00048808,4063,15,True,,exact duplicate; retained first source row
SHP-00048808,5405,15,False,,exact duplicate; retained first source row
SHP-00021555,4079,15,True,,exact duplicate; retained first source row
SHP-00021555,24140,15,False,,exact duplicate; retained first source row
SHP-00054387,4139,15,True,,exact duplicate; retained first source row
SHP-00054387,11893,15,False,,exact duplicate; retained first source row
SHP-00040884,4156,15,True,,exact duplicate; retained first source row
SHP-00040884,53329,15,False,,exact duplicate; retained first source row
SHP-00043737,4160,15,True,shipment_weight_kg,retained highest-quality copy; conflict in shipment_weight_kg
SHP-00043737,25801,7,False,shipment_weight_kg,retained highest-quality copy; conflict in shipment_weight_kg
SHP-00072691,4178,15,True,,exact duplicate; retained first source row
SHP-00072691,15571,15,False,,exact duplicate; retained first source row
SHP-00002852,4188,14,True,,exact duplicate; retained first source row
SHP-00002852,53198,14,False,,exact duplicate; retained first source row
SHP-00041255,4204,15,True,,exact duplicate; retained first source row
SHP-00041255,44218,15,False,,exact duplicate; retained first source row
SHP-00045440,4242,15,True,,exact duplicate; retained first source row
SHP-00045440,26489,15,False,,exact duplicate; retained first source row
SHP-00078019,4244,14,True,,exact duplicate; retained first source row
SHP-00078019,76550,14,False,,exact duplicate; retained first source row
SHP-00061602,4256,15,True,,exact duplicate; retained first source row
SHP-00061602,60196,15,False,,exact duplicate; retained first source row
SHP-00001280,4274,15,True,,exact duplicate; retained first source row
SHP-00001280,45411,15,False,,exact duplicate; retained first source row
SHP-00041691,4288,14,True,,exact duplicate; retained first source row
SHP-00041691,79022,14,False,,exact duplicate; retained first source row
SHP-00020928,4348,15,True,,exact duplicate; retained first source row
SHP-00020928,25945,15,False,,exact duplicate; retained first source row
SHP-00047271,4368,15,True,,exact duplicate; retained first source row
SHP-00047271,51323,15,False,,exact duplicate; retained first source row
SHP-00016672,4390,14,True,,exact duplicate; retained first source row
SHP-00016672,57291,14,False,,exact duplicate; retained first source row
SHP-00009064,4400,15,True,,exact duplicate; retained first source row
SHP-00009064,23654,15,False,,exact duplicate; retained first source row
SHP-00039171,4407,15,True,,exact duplicate; retained first source row
SHP-00039171,71796,15,False,,exact duplicate; retained first source row
SHP-00081621,4410,15,True,,exact duplicate; retained first source row
SHP-00081621,23467,15,False,,exact duplicate; retained first source row
SHP-00036794,4435,15,True,shipment_weight_kg,retained highest-quality copy; conflict in shipment_weight_kg
SHP-00036794,49032,7,False,shipment_weight_kg,retained highest-quality copy; conflict in shipment_weight_kg
SHP-00078753,4443,11,False,freight_cost_usd,retained highest-quality copy; conflict in freight_cost_usd
SHP-00078753,30536,15,True,freight_cost_usd,retained highest-quality copy; conflict in freight_cost_usd
SHP-00018408,4457,15,True,,exact duplicate; retained first source row
SHP-00018408,67437,15,False,,exact duplicate; retained first source row
SHP-00067262,4472,15,True,,exact duplicate; retained first source row
SHP-00067262,9944,15,False,,exact duplicate; retained first source row
SHP-00024925,4490,15,True,,exact duplicate; retained first source row
SHP-00024925,61585,15,False,,exact duplicate; retained first source row
SHP-00083402,4507,15,True,,exact duplicate; retained first source row
SHP-00083402,57530,15,False,,exact duplicate; retained first source row
SHP-00084956,4508,13,False,transport_mode,retained highest-quality copy; conflict in transport_mode
SHP-00084956,54213,15,True,transport_mode,retained highest-quality copy; conflict in transport_mode
SHP-00067611,4534,14,True,,exact duplicate; retained first source row
SHP-00067611,67746,14,False,,exact duplicate; retained first source row
SHP-00055444,4538,15,True,,exact duplicate; retained first source row
SHP-00055444,45960,15,False,,exact duplicate; retained first source row
SHP-00077946,4541,15,True,,exact duplicate; retained first source row
SHP-00077946,87345,15,False,,exact duplicate; retained first source row
SHP-00000264,4558,15,True,,exact duplicate; retained first source row
SHP-00000264,83682,15,False,,exact duplicate; retained first source row
SHP-00068587,4563,14,True,,exact duplicate; retained first source row
SHP-00068587,22973,14,False,,exact duplicate; retained first source row
SHP-00039928,4566,15,True,,exact duplicate; retained first source row
SHP-00039928,6830,15,False,,exact duplicate; retained first source row
SHP-00084704,4578,14,True,,exact duplicate; retained first source row
SHP-00084704,53349,14,False,,exact duplicate; retained first source row
SHP-00009770,4593,7,False,shipment_weight_kg,retained highest-quality copy; conflict in shipment_weight_kg
SHP-00009770,64740,15,True,shipment_weight_kg,retained highest-quality copy; conflict in shipment_weight_kg
SHP-00023626,4614,15,True,,exact duplicate; retained first source row
SHP-00023626,26081,15,False,,exact duplicate; retained first source row
SHP-00066765,4671,15,True,,exact duplicate; retained first source row
SHP-00066765,55363,15,False,,exact duplicate; retained first source row
SHP-00085045,4673,14,True,,exact duplicate; retained first source row
SHP-00085045,70959,14,False,,exact duplicate; retained first source row
SHP-00051775,4692,14,True,,exact duplicate; retained first source row
SHP-00051775,62689,14,False,,exact duplicate; retained first source row
SHP-00040529,4694,15,True,,exact duplicate; retained first source row
SHP-00040529,36398,15,False,,exact duplicate; retained first source row
SHP-00036464,4696,12,False,transport_mode,retained highest-quality copy; conflict in transport_mode
SHP-00036464,20878,14,True,transport_mode,retained highest-quality copy; conflict in transport_mode
SHP-00055566,4709,15,True,,exact duplicate; retained first source row
SHP-00055566,47625,15,False,,exact duplicate; retained first source row
SHP-00021987,4737,15,True,transport_mode,retained highest-quality copy; conflict in transport_mode
SHP-00021987,28300,13,False,transport_mode,retained highest-quality copy; conflict in transport_mode
SHP-00045785,4753,15,True,,exact duplicate; retained first source row
SHP-00045785,13162,15,False,,exact duplicate; retained first source row
SHP-00049496,4765,14,True,,exact duplicate; retained first source row
SHP-00049496,30870,14,False,,exact duplicate; retained first source row
SHP-00039630,4798,15,True,,exact duplicate; retained first source row
SHP-00039630,57631,15,False,,exact duplicate; retained first source row
SHP-00044699,4805,15,True,,exact duplicate; retained first source row
SHP-00044699,53575,15,False,,exact duplicate; retained first source row
SHP-00046133,4817,14,True,,exact duplicate; retained first source row
SHP-00046133,11431,14,False,,exact duplicate; retained first source row
SHP-00073144,4831,14,True,,exact duplicate; retained first source row
SHP-00073144,36310,14,False,,exact duplicate; retained first source row
SHP-00052249,4856,14,True,,exact duplicate; retained first source row
SHP-00052249,28059,14,False,,exact duplicate; retained first source row
SHP-00010474,4859,5,False,shipment_weight_kg,retained highest-quality copy; conflict in shipment_weight_kg
SHP-00010474,18181,13,True,shipment_weight_kg,retained highest-quality copy; conflict in shipment_weight_kg
SHP-00081462,4879,14,True,transport_mode,retained highest-quality copy; conflict in transport_mode
SHP-00081462,48634,12,False,transport_mode,retained highest-quality copy; conflict in transport_mode
SHP-00042574,4894,14,True,,exact duplicate; retained first source row
SHP-00042574,47003,14,False,,exact duplicate; retained first source row
SHP-00041912,4948,15,True,,exact duplicate; retained first source row
SHP-00041912,49149,15,False,,exact duplicate; retained first source row
SHP-00050786,4953,15,True,,exact duplicate; retained first source row
SHP-00050786,32562,15,False,,exact duplicate; retained first source row
SHP-00032636,4974,14,True,shipment_weight_kg,retained highest-quality copy; conflict in shipment_weight_kg
SHP-00032636,71394,6,False,shipment_weight_kg,retained highest-quality copy; conflict in shipment_weight_kg
SHP-00046354,5017,14,True,,exact duplicate; retained first source row
SHP-00046354,34648,14,False,,exact duplicate; retained first source row
SHP-00041414,5020,14,True,,exact duplicate; retained first source row
SHP-00041414,45373,14,False,,exact duplicate; retained first source row
SHP-00000051,5022,14,True,,exact duplicate; retained first source row
SHP-00000051,81315,14,False,,exact duplicate; retained first source row
SHP-00068271,5023,15,True,,exact duplicate; retained first source row
SHP-00068271,18140,15,False,,exact duplicate; retained first source row
SHP-00081423,5032,15,True,,exact duplicate; retained first source row
SHP-00081423,52728,15,False,,exact duplicate; retained first source row
SHP-00032128,5033,14,True,,exact duplicate; retained first source row
SHP-00032128,54278,14,False,,exact duplicate; retained first source row
SHP-00067906,5073,6,False,shipment_weight_kg,retained highest-quality copy; conflict in shipment_weight_kg
SHP-00067906,8535,14,True,shipment_weight_kg,retained highest-quality copy; conflict in shipment_weight_kg
SHP-00014766,5104,15,True,,exact duplicate; retained first source row
SHP-00014766,44188,15,False,,exact duplicate; retained first source row
SHP-00019019,5108,14,True,,exact duplicate; retained first source row
SHP-00019019,86650,14,False,,exact duplicate; retained first source row
SHP-00062983,5110,15,True,,exact duplicate; retained first source row
SHP-00062983,52673,15,False,,exact duplicate; retained first source row
SHP-00074431,5129,14,True,,exact duplicate; retained first source row
SHP-00074431,25296,14,False,,exact duplicate; retained first source row
SHP-00013196,5176,15,True,shipment_weight_kg,retained highest-quality copy; conflict in shipment_weight_kg
SHP-00013196,17011,7,False,shipment_weight_kg,retained highest-quality copy; conflict in shipment_weight_kg
SHP-00076781,5181,15,True,,exact duplicate; retained first source row
SHP-00076781,45070,15,False,,exact duplicate; retained first source row
SHP-00044053,5189,15,True,,exact duplicate; retained first source row
SHP-00044053,56451,15,False,,exact duplicate; retained first source row
SHP-00044302,5190,15,True,,exact duplicate; retained first source row
SHP-00044302,17939,15,False,,exact duplicate; retained first source row
SHP-00078837,5211,14,True,,exact duplicate; retained first source row
SHP-00078837,48754,14,False,,exact duplicate; retained first source row
SHP-00056622,5218,15,True,,exact duplicate; retained first source row
SHP-00056622,41895,15,False,,exact duplicate; retained first source row
SHP-00009143,5272,15,True,,exact duplicate; retained first source row
SHP-00009143,37879,15,False,,exact duplicate; retained first source row
SHP-00054725,5281,14,True,,exact duplicate; retained first source row
SHP-00054725,46439,14,False,,exact duplicate; retained first source row
SHP-00058004,5290,14,True,,exact duplicate; retained first source row
SHP-00058004,29735,14,False,,exact duplicate; retained first source row
SHP-00070997,5292,15,True,,exact duplicate; retained first source row
SHP-00070997,57017,15,False,,exact duplicate; retained first source row
SHP-00059362,5314,15,True,,exact duplicate; retained first source row
SHP-00059362,17098,15,False,,exact duplicate; retained first source row
SHP-00046158,5320,14,True,,exact duplicate; retained first source row
SHP-00046158,40227,14,False,,exact duplicate; retained first source row
SHP-00049635,5352,15,True,,exact duplicate; retained first source row
SHP-00049635,6166,15,False,,exact duplicate; retained first source row
SHP-00050631,5358,14,True,,exact duplicate; retained first source row
SHP-00050631,57117,14,False,,exact duplicate; retained first source row
SHP-00025713,5371,14,True,,exact duplicate; retained first source row
SHP-00025713,77819,14,False,,exact duplicate; retained first source row
SHP-00015301,5382,15,True,,exact duplicate; retained first source row
SHP-00015301,77766,15,False,,exact duplicate; retained first source row
SHP-00017409,5384,15,True,,exact duplicate; retained first source row
SHP-00017409,68582,15,False,,exact duplicate; retained first source row
SHP-00018964,5395,15,True,,exact duplicate; retained first source row
SHP-00018964,39341,15,False,,exact duplicate; retained first source row
SHP-00041247,5399,15,True,,exact duplicate; retained first source row
SHP-00041247,72676,15,False,,exact duplicate; retained first source row
SHP-00084320,5416,15,True,,exact duplicate; retained first source row
SHP-00084320,62595,15,False,,exact duplicate; retained first source row
SHP-00042598,5430,15,True,,exact duplicate; retained first source row
SHP-00042598,48914,15,False,,exact duplicate; retained first source row
SHP-00034432,5442,15,True,,exact duplicate; retained first source row
SHP-00034432,69088,15,False,,exact duplicate; retained first source row
SHP-00007049,5446,15,True,,exact duplicate; retained first source row
SHP-00007049,37430,15,False,,exact duplicate; retained first source row
SHP-00024395,5453,14,True,,exact duplicate; retained first source row
SHP-00024395,36583,14,False,,exact duplicate; retained first source row
SHP-00028657,5464,15,True,,exact duplicate; retained first source row
SHP-00028657,79398,15,False,,exact duplicate; retained first source row
SHP-00017066,5471,15,True,,exact duplicate; retained first source row
SHP-00017066,23848,15,False,,exact duplicate; retained first source row
SHP-00005546,5491,15,True,,exact duplicate; retained first source row
SHP-00005546,76987,15,False,,exact duplicate; retained first source row
SHP-00028652,5502,15,True,,exact duplicate; retained first source row
SHP-00028652,74551,15,False,,exact duplicate; retained first source row
SHP-00046620,5528,14,True,,exact duplicate; retained first source row
SHP-00046620,69852,14,False,,exact duplicate; retained first source row
SHP-00081928,5548,14,True,,exact duplicate; retained first source row
SHP-00081928,61230,14,False,,exact duplicate; retained first source row
SHP-00076723,5564,14,True,,exact duplicate; retained first source row
SHP-00076723,26240,14,False,,exact duplicate; retained first source row
SHP-00031701,5580,14,True,,exact duplicate; retained first source row
SHP-00031701,70627,14,False,,exact duplicate; retained first source row
SHP-00042860,5581,15,True,,exact duplicate; retained first source row
SHP-00042860,47705,15,False,,exact duplicate; retained first source row
SHP-00010555,5587,15,True,,exact duplicate; retained first source row
SHP-00010555,73896,15,False,,exact duplicate; retained first source row
SHP-00064527,5588,15,True,,exact duplicate; retained first source row
SHP-00064527,40290,15,False,,exact duplicate; retained first source row
SHP-00053784,5611,14,True,,exact duplicate; retained first source row
SHP-00053784,78193,14,False,,exact duplicate; retained first source row
SHP-00022723,5617,14,True,,exact duplicate; retained first source row
SHP-00022723,30926,14,False,,exact duplicate; retained first source row
SHP-00007588,5630,14,True,,exact duplicate; retained first source row
SHP-00007588,56462,14,False,,exact duplicate; retained first source row
SHP-00027566,5633,15,True,,exact duplicate; retained first source row
SHP-00027566,16747,15,False,,exact duplicate; retained first source row
SHP-00000686,5643,15,True,,exact duplicate; retained first source row
SHP-00000686,75677,15,False,,exact duplicate; retained first source row
SHP-00051070,5649,15,True,,exact duplicate; retained first source row
SHP-00051070,50621,15,False,,exact duplicate; retained first source row
SHP-00021592,5652,15,True,,exact duplicate; retained first source row
SHP-00021592,77091,15,False,,exact duplicate; retained first source row
SHP-00085965,5675,14,True,,exact duplicate; retained first source row
SHP-00085965,83592,14,False,,exact duplicate; retained first source row
SHP-00031038,5693,7,False,shipment_weight_kg,retained highest-quality copy; conflict in shipment_weight_kg
SHP-00031038,79899,15,True,shipment_weight_kg,retained highest-quality copy; conflict in shipment_weight_kg
SHP-00073069,5704,15,True,,exact duplicate; retained first source row
SHP-00073069,68639,15,False,,exact duplicate; retained first source row
SHP-00003392,5710,14,True,,exact duplicate; retained first source row
SHP-00003392,19141,14,False,,exact duplicate; retained first source row
SHP-00015580,5716,15,True,,exact duplicate; retained first source row
SHP-00015580,6797,15,False,,exact duplicate; retained first source row
SHP-00024083,5781,14,True,,exact duplicate; retained first source row
SHP-00024083,42403,14,False,,exact duplicate; retained first source row
SHP-00008392,5790,15,True,shipment_weight_kg,retained highest-quality copy; conflict in shipment_weight_kg
SHP-00008392,54742,7,False,shipment_weight_kg,retained highest-quality copy; conflict in shipment_weight_kg
SHP-00079235,5795,14,True,,exact duplicate; retained first source row
SHP-00079235,11315,14,False,,exact duplicate; retained first source row
SHP-00061533,5818,15,True,,exact duplicate; retained first source row
SHP-00061533,65154,15,False,,exact duplicate; retained first source row
SHP-00076232,5827,14,True,,exact duplicate; retained first source row
SHP-00076232,25687,14,False,,exact duplicate; retained first source row
SHP-00064066,5854,14,True,,exact duplicate; retained first source row
SHP-00064066,37869,14,False,,exact duplicate; retained first source row
SHP-00021433,5859,15,True,,exact duplicate; retained first source row
SHP-00021433,13986,15,False,,exact duplicate; retained first source row
SHP-00066252,5883,15,True,,exact duplicate; retained first source row
SHP-00066252,19190,15,False,,exact duplicate; retained first source row
SHP-00029701,5899,14,True,,exact duplicate; retained first source row
SHP-00029701,85593,14,False,,exact duplicate; retained first source row
SHP-00046928,5900,15,True,,exact duplicate; retained first source row
SHP-00046928,70341,15,False,,exact duplicate; retained first source row
SHP-00042531,5902,15,True,transport_mode,retained highest-quality copy; conflict in transport_mode
SHP-00042531,48248,13,False,transport_mode,retained highest-quality copy; conflict in transport_mode
SHP-00025967,5905,15,True,,exact duplicate; retained first source row
SHP-00025967,57894,15,False,,exact duplicate; retained first source row
SHP-00046342,5915,14,True,,exact duplicate; retained first source row
SHP-00046342,72020,14,False,,exact duplicate; retained first source row
SHP-00051300,5919,15,True,,exact duplicate; retained first source row
SHP-00051300,15759,15,False,,exact duplicate; retained first source row
SHP-00047527,5923,14,True,,exact duplicate; retained first source row
SHP-00047527,13007,14,False,,exact duplicate; retained first source row
SHP-00047237,5925,14,True,,exact duplicate; retained first source row
SHP-00047237,29771,14,False,,exact duplicate; retained first source row
SHP-00076392,5926,14,True,,exact duplicate; retained first source row
SHP-00076392,29928,14,False,,exact duplicate; retained first source row
SHP-00027574,5933,14,True,,exact duplicate; retained first source row
SHP-00027574,77752,14,False,,exact duplicate; retained first source row
SHP-00051573,5951,15,True,,exact duplicate; retained first source row
SHP-00051573,9685,15,False,,exact duplicate; retained first source row
SHP-00015498,5952,15,True,transport_mode,retained highest-quality copy; conflict in transport_mode
SHP-00015498,83281,13,False,transport_mode,retained highest-quality copy; conflict in transport_mode
SHP-00021786,5971,14,True,,exact duplicate; retained first source row
SHP-00021786,6674,14,False,,exact duplicate; retained first source row
SHP-00058122,5982,14,True,,exact duplicate; retained first source row
SHP-00058122,85247,14,False,,exact duplicate; retained first source row
SHP-00025526,6022,15,True,,exact duplicate; retained first source row
SHP-00025526,68197,15,False,,exact duplicate; retained first source row
SHP-00035900,6033,14,True,,exact duplicate; retained first source row
SHP-00035900,62091,14,False,,exact duplicate; retained first source row
SHP-00015212,6051,15,True,,exact duplicate; retained first source row
SHP-00015212,36134,15,False,,exact duplicate; retained first source row
SHP-00060358,6080,15,True,shipment_weight_kg,retained highest-quality copy; conflict in shipment_weight_kg
SHP-00060358,59330,7,False,shipment_weight_kg,retained highest-quality copy; conflict in shipment_weight_kg
SHP-00054822,6103,15,True,,exact duplicate; retained first source row
SHP-00054822,19312,15,False,,exact duplicate; retained first source row
SHP-00032567,6109,15,True,,exact duplicate; retained first source row
SHP-00032567,29130,15,False,,exact duplicate; retained first source row
SHP-00005081,6118,15,True,,exact duplicate; retained first source row
SHP-00005081,57846,15,False,,exact duplicate; retained first source row
SHP-00013822,6146,15,True,,exact duplicate; retained first source row
SHP-00013822,48627,15,False,,exact duplicate; retained first source row
SHP-00035704,6190,14,True,,exact duplicate; retained first source row
SHP-00035704,36656,14,False,,exact duplicate; retained first source row
SHP-00024154,6200,15,True,,exact duplicate; retained first source row
SHP-00024154,45021,15,False,,exact duplicate; retained first source row
SHP-00042821,6210,15,True,,exact duplicate; retained first source row
SHP-00042821,74717,15,False,,exact duplicate; retained first source row
SHP-00075540,6233,14,True,,exact duplicate; retained first source row
SHP-00075540,46394,14,False,,exact duplicate; retained first source row
SHP-00052668,6239,15,True,,exact duplicate; retained first source row
SHP-00052668,40612,15,False,,exact duplicate; retained first source row
SHP-00041811,6273,15,True,,exact duplicate; retained first source row
SHP-00041811,23223,15,False,,exact duplicate; retained first source row
SHP-00034920,6286,15,True,,exact duplicate; retained first source row
SHP-00034920,77542,15,False,,exact duplicate; retained first source row
SHP-00026736,6289,10,True,,exact duplicate; retained first source row
SHP-00026736,11420,10,False,,exact duplicate; retained first source row
SHP-00011532,6345,14,True,,exact duplicate; retained first source row
SHP-00011532,75946,14,False,,exact duplicate; retained first source row
SHP-00042252,6348,15,True,,exact duplicate; retained first source row
SHP-00042252,42735,15,False,,exact duplicate; retained first source row
SHP-00018623,6368,15,True,,exact duplicate; retained first source row
SHP-00018623,81599,15,False,,exact duplicate; retained first source row
SHP-00016071,6406,15,True,,exact duplicate; retained first source row
SHP-00016071,34459,15,False,,exact duplicate; retained first source row
SHP-00077472,6411,15,True,,exact duplicate; retained first source row
SHP-00077472,55724,15,False,,exact duplicate; retained first source row
SHP-00055892,6417,15,True,,exact duplicate; retained first source row
SHP-00055892,37716,15,False,,exact duplicate; retained first source row
SHP-00061068,6427,15,True,,exact duplicate; retained first source row
SHP-00061068,67687,15,False,,exact duplicate; retained first source row
SHP-00011405,6458,15,True,,exact duplicate; retained first source row
SHP-00011405,45686,15,False,,exact duplicate; retained first source row
SHP-00056229,6471,15,True,,exact duplicate; retained first source row
SHP-00056229,36403,15,False,,exact duplicate; retained first source row
SHP-00015114,6472,15,True,,exact duplicate; retained first source row
SHP-00015114,25535,15,False,,exact duplicate; retained first source row
SHP-00082244,6494,15,True,,exact duplicate; retained first source row
SHP-00082244,60821,15,False,,exact duplicate; retained first source row
SHP-00082779,6562,15,True,,exact duplicate; retained first source row
SHP-00082779,58950,15,False,,exact duplicate; retained first source row
SHP-00071985,6596,14,True,,exact duplicate; retained first source row
SHP-00071985,42914,14,False,,exact duplicate; retained first source row
SHP-00057570,6610,15,True,,exact duplicate; retained first source row
SHP-00057570,29503,15,False,,exact duplicate; retained first source row
SHP-00079376,6633,15,True,,exact duplicate; retained first source row
SHP-00079376,47810,15,False,,exact duplicate; retained first source row
SHP-00006845,6654,14,True,,exact duplicate; retained first source row
SHP-00006845,86266,14,False,,exact duplicate; retained first source row
SHP-00056685,6714,14,True,,exact duplicate; retained first source row
SHP-00056685,88389,14,False,,exact duplicate; retained first source row
SHP-00005360,6721,15,True,,exact duplicate; retained first source row
SHP-00005360,40785,15,False,,exact duplicate; retained first source row
SHP-00009079,6834,15,True,,exact duplicate; retained first source row
SHP-00009079,76065,15,False,,exact duplicate; retained first source row
SHP-00013080,6867,15,True,,exact duplicate; retained first source row
SHP-00013080,60237,15,False,,exact duplicate; retained first source row
SHP-00038664,6891,15,True,,exact duplicate; retained first source row
SHP-00038664,16019,15,False,,exact duplicate; retained first source row
SHP-00032966,6910,15,True,,exact duplicate; retained first source row
SHP-00032966,28211,15,False,,exact duplicate; retained first source row
SHP-00060705,6918,13,False,transport_mode,retained highest-quality copy; conflict in transport_mode
SHP-00060705,24528,15,True,transport_mode,retained highest-quality copy; conflict in transport_mode
SHP-00037922,6960,14,True,,exact duplicate; retained first source row
SHP-00037922,29259,14,False,,exact duplicate; retained first source row
SHP-00034243,7002,14,True,,exact duplicate; retained first source row
SHP-00034243,70412,14,False,,exact duplicate; retained first source row
SHP-00007917,7007,15,True,,exact duplicate; retained first source row
SHP-00007917,68388,15,False,,exact duplicate; retained first source row
SHP-00002278,7030,14,True,,exact duplicate; retained first source row
SHP-00002278,87872,14,False,,exact duplicate; retained first source row
SHP-00027188,7039,15,True,,exact duplicate; retained first source row
SHP-00027188,34896,15,False,,exact duplicate; retained first source row
SHP-00005023,7055,7,False,shipment_weight_kg,retained highest-quality copy; conflict in shipment_weight_kg
SHP-00005023,31734,15,True,shipment_weight_kg,retained highest-quality copy; conflict in shipment_weight_kg
SHP-00008649,7088,15,True,,exact duplicate; retained first source row
SHP-00008649,38313,15,False,,exact duplicate; retained first source row
SHP-00056299,7101,15,True,,exact duplicate; retained first source row
SHP-00056299,50305,15,False,,exact duplicate; retained first source row
SHP-00078744,7106,15,True,freight_cost_usd,retained highest-quality copy; conflict in freight_cost_usd
SHP-00078744,45865,11,False,freight_cost_usd,retained highest-quality copy; conflict in freight_cost_usd
SHP-00018348,7182,15,True,,exact duplicate; retained first source row
SHP-00018348,58070,15,False,,exact duplicate; retained first source row
SHP-00015267,7196,15,True,,exact duplicate; retained first source row
SHP-00015267,38485,15,False,,exact duplicate; retained first source row
SHP-00010692,7233,15,True,,exact duplicate; retained first source row
SHP-00010692,10791,15,False,,exact duplicate; retained first source row
SHP-00058950,7249,14,True,,exact duplicate; retained first source row
SHP-00058950,74403,14,False,,exact duplicate; retained first source row
SHP-00005593,7251,15,True,,exact duplicate; retained first source row
SHP-00005593,11772,15,False,,exact duplicate; retained first source row
SHP-00025745,7268,14,True,,exact duplicate; retained first source row
SHP-00025745,42687,14,False,,exact duplicate; retained first source row
SHP-00024572,7283,15,True,,exact duplicate; retained first source row
SHP-00024572,71959,15,False,,exact duplicate; retained first source row
SHP-00016047,7291,15,True,,exact duplicate; retained first source row
SHP-00016047,18697,15,False,,exact duplicate; retained first source row
SHP-00061999,7305,15,True,,exact duplicate; retained first source row
SHP-00061999,71978,15,False,,exact duplicate; retained first source row
SHP-00049098,7344,15,True,,exact duplicate; retained first source row
SHP-00049098,26625,15,False,,exact duplicate; retained first source row
SHP-00021695,7389,15,True,,exact duplicate; retained first source row
SHP-00021695,66460,15,False,,exact duplicate; retained first source row
SHP-00024055,7392,15,True,,exact duplicate; retained first source row
SHP-00024055,51989,15,False,,exact duplicate; retained first source row
SHP-00007608,7399,15,True,,exact duplicate; retained first source row
SHP-00007608,58322,15,False,,exact duplicate; retained first source row
SHP-00084326,7430,15,True,,exact duplicate; retained first source row
SHP-00084326,44333,15,False,,exact duplicate; retained first source row
SHP-00003786,7433,13,False,transport_mode,retained highest-quality copy; conflict in transport_mode
SHP-00003786,78019,15,True,transport_mode,retained highest-quality copy; conflict in transport_mode
SHP-00030677,7439,15,True,,exact duplicate; retained first source row
SHP-00030677,45472,15,False,,exact duplicate; retained first source row
SHP-00042833,7444,15,True,,exact duplicate; retained first source row
SHP-00042833,38743,15,False,,exact duplicate; retained first source row
SHP-00015196,7473,15,True,,exact duplicate; retained first source row
SHP-00015196,20665,15,False,,exact duplicate; retained first source row
SHP-00038779,7513,15,True,,exact duplicate; retained first source row
SHP-00038779,70070,15,False,,exact duplicate; retained first source row
SHP-00052953,7514,14,True,,exact duplicate; retained first source row
SHP-00052953,87972,14,False,,exact duplicate; retained first source row
SHP-00018907,7522,15,True,,exact duplicate; retained first source row
SHP-00018907,57828,15,False,,exact duplicate; retained first source row
SHP-00023311,7545,15,True,,exact duplicate; retained first source row
SHP-00023311,14279,15,False,,exact duplicate; retained first source row
SHP-00070008,7574,15,True,,exact duplicate; retained first source row
SHP-00070008,61116,15,False,,exact duplicate; retained first source row
SHP-00078562,7579,14,True,,exact duplicate; retained first source row
SHP-00078562,26109,14,False,,exact duplicate; retained first source row
SHP-00065747,7624,15,True,,exact duplicate; retained first source row
SHP-00065747,58694,15,False,,exact duplicate; retained first source row
SHP-00034959,7658,14,True,,exact duplicate; retained first source row
SHP-00034959,75274,14,False,,exact duplicate; retained first source row
SHP-00047255,7666,14,True,,exact duplicate; retained first source row
SHP-00047255,34740,14,False,,exact duplicate; retained first source row
SHP-00021682,7679,15,True,,exact duplicate; retained first source row
SHP-00021682,58562,15,False,,exact duplicate; retained first source row
SHP-00058819,7690,15,True,,exact duplicate; retained first source row
SHP-00058819,8837,15,False,,exact duplicate; retained first source row
SHP-00073380,7694,15,True,,exact duplicate; retained first source row
SHP-00073380,65068,15,False,,exact duplicate; retained first source row
SHP-00017529,7696,15,True,,exact duplicate; retained first source row
SHP-00017529,60838,15,False,,exact duplicate; retained first source row
SHP-00018547,7699,15,True,freight_cost_usd,retained highest-quality copy; conflict in freight_cost_usd
SHP-00018547,70573,11,False,freight_cost_usd,retained highest-quality copy; conflict in freight_cost_usd
SHP-00065478,7705,14,True,freight_cost_usd,retained highest-quality copy; conflict in freight_cost_usd
SHP-00065478,33156,10,False,freight_cost_usd,retained highest-quality copy; conflict in freight_cost_usd
SHP-00066113,7765,14,True,,exact duplicate; retained first source row
SHP-00066113,55490,14,False,,exact duplicate; retained first source row
SHP-00012442,7774,14,True,,exact duplicate; retained first source row
SHP-00012442,53257,14,False,,exact duplicate; retained first source row
SHP-00063308,7775,15,True,,exact duplicate; retained first source row
SHP-00063308,70684,15,False,,exact duplicate; retained first source row
SHP-00058925,7807,15,True,,exact duplicate; retained first source row
SHP-00058925,26435,15,False,,exact duplicate; retained first source row
SHP-00027408,7809,15,True,,exact duplicate; retained first source row
SHP-00027408,11981,15,False,,exact duplicate; retained first source row
SHP-00074535,7815,14,True,,exact duplicate; retained first source row
SHP-00074535,16236,14,False,,exact duplicate; retained first source row
SHP-00021832,7824,15,True,,exact duplicate; retained first source row
SHP-00021832,31429,15,False,,exact duplicate; retained first source row
SHP-00054655,7826,15,True,,exact duplicate; retained first source row
SHP-00054655,33039,15,False,,exact duplicate; retained first source row
SHP-00025619,7830,15,True,,exact duplicate; retained first source row
SHP-00025619,56865,15,False,,exact duplicate; retained first source row
SHP-00047113,7836,15,True,,exact duplicate; retained first source row
SHP-00047113,49103,15,False,,exact duplicate; retained first source row
SHP-00021483,7841,15,True,,exact duplicate; retained first source row
SHP-00021483,26770,15,False,,exact duplicate; retained first source row
SHP-00004027,7912,15,True,,exact duplicate; retained first source row
SHP-00004027,46738,15,False,,exact duplicate; retained first source row
SHP-00045295,7939,13,False,transport_mode,retained highest-quality copy; conflict in transport_mode
SHP-00045295,86497,15,True,transport_mode,retained highest-quality copy; conflict in transport_mode
SHP-00023207,7966,15,True,,exact duplicate; retained first source row
SHP-00023207,20002,15,False,,exact duplicate; retained first source row
SHP-00073997,7991,15,True,,exact duplicate; retained first source row
SHP-00073997,63563,15,False,,exact duplicate; retained first source row
SHP-00010452,8032,14,True,,exact duplicate; retained first source row
SHP-00010452,17457,14,False,,exact duplicate; retained first source row
SHP-00062304,8149,15,True,,exact duplicate; retained first source row
SHP-00062304,18493,15,False,,exact duplicate; retained first source row
SHP-00018596,8174,14,True,,exact duplicate; retained first source row
SHP-00018596,14089,14,False,,exact duplicate; retained first source row
SHP-00064418,8193,15,True,,exact duplicate; retained first source row
SHP-00064418,46336,15,False,,exact duplicate; retained first source row
SHP-00063323,8224,15,True,,exact duplicate; retained first source row
SHP-00063323,17951,15,False,,exact duplicate; retained first source row
SHP-00004801,8247,14,True,,exact duplicate; retained first source row
SHP-00004801,68399,14,False,,exact duplicate; retained first source row
SHP-00065216,8262,15,True,,exact duplicate; retained first source row
SHP-00065216,68719,15,False,,exact duplicate; retained first source row
SHP-00033225,8290,15,True,,exact duplicate; retained first source row
SHP-00033225,53086,15,False,,exact duplicate; retained first source row
SHP-00032686,8309,15,True,,exact duplicate; retained first source row
SHP-00032686,38470,15,False,,exact duplicate; retained first source row
SHP-00002971,8331,15,True,,exact duplicate; retained first source row
SHP-00002971,69310,15,False,,exact duplicate; retained first source row
SHP-00010286,8347,15,True,,exact duplicate; retained first source row
SHP-00010286,45168,15,False,,exact duplicate; retained first source row
SHP-00081071,8373,15,True,,exact duplicate; retained first source row
SHP-00081071,35730,15,False,,exact duplicate; retained first source row
SHP-00039047,8391,15,True,,exact duplicate; retained first source row
SHP-00039047,8813,15,False,,exact duplicate; retained first source row
SHP-00028530,8404,14,True,,exact duplicate; retained first source row
SHP-00028530,88533,14,False,,exact duplicate; retained first source row
SHP-00001042,8409,15,True,,exact duplicate; retained first source row
SHP-00001042,83288,15,False,,exact duplicate; retained first source row
SHP-00047636,8416,14,True,,exact duplicate; retained first source row
SHP-00047636,73393,14,False,,exact duplicate; retained first source row
SHP-00068240,8431,15,True,,exact duplicate; retained first source row
SHP-00068240,84864,15,False,,exact duplicate; retained first source row
SHP-00072792,8444,15,True,,exact duplicate; retained first source row
SHP-00072792,26617,15,False,,exact duplicate; retained first source row
SHP-00007686,8462,15,True,,exact duplicate; retained first source row
SHP-00007686,35319,15,False,,exact duplicate; retained first source row
SHP-00065479,8474,14,True,,exact duplicate; retained first source row
SHP-00065479,8820,14,False,,exact duplicate; retained first source row
SHP-00027805,8529,14,True,,exact duplicate; retained first source row
SHP-00027805,61086,14,False,,exact duplicate; retained first source row
SHP-00015017,8550,14,True,,exact duplicate; retained first source row
SHP-00015017,82913,14,False,,exact duplicate; retained first source row
SHP-00026394,8554,15,True,,exact duplicate; retained first source row
SHP-00026394,26293,15,False,,exact duplicate; retained first source row
SHP-00026837,8581,15,True,,exact duplicate; retained first source row
SHP-00026837,8846,15,False,,exact duplicate; retained first source row
SHP-00069228,8671,14,True,shipment_weight_kg,retained highest-quality copy; conflict in shipment_weight_kg
SHP-00069228,42834,6,False,shipment_weight_kg,retained highest-quality copy; conflict in shipment_weight_kg
SHP-00030411,8682,14,True,,exact duplicate; retained first source row
SHP-00030411,13437,14,False,,exact duplicate; retained first source row
SHP-00066907,8689,15,True,,exact duplicate; retained first source row
SHP-00066907,12848,15,False,,exact duplicate; retained first source row
SHP-00059315,8699,13,False,transport_mode,retained highest-quality copy; conflict in transport_mode
SHP-00059315,62135,15,True,transport_mode,retained highest-quality copy; conflict in transport_mode
SHP-00072613,8721,15,True,,exact duplicate; retained first source row
SHP-00072613,86973,15,False,,exact duplicate; retained first source row
SHP-00013667,8736,14,True,,exact duplicate; retained first source row
SHP-00013667,28710,14,False,,exact duplicate; retained first source row
SHP-00033880,8764,15,True,,exact duplicate; retained first source row
SHP-00033880,69242,15,False,,exact duplicate; retained first source row
SHP-00040037,8794,14,True,,exact duplicate; retained first source row
SHP-00040037,13958,14,False,,exact duplicate; retained first source row
SHP-00029644,8811,15,True,,exact duplicate; retained first source row
SHP-00029644,60643,15,False,,exact duplicate; retained first source row
SHP-00034309,8825,15,True,,exact duplicate; retained first source row
SHP-00034309,72561,15,False,,exact duplicate; retained first source row
SHP-00038517,8880,15,True,freight_cost_usd,retained highest-quality copy; conflict in freight_cost_usd
SHP-00038517,87954,11,False,freight_cost_usd,retained highest-quality copy; conflict in freight_cost_usd
SHP-00012764,8906,14,True,,exact duplicate; retained first source row
SHP-00012764,18952,14,False,,exact duplicate; retained first source row
SHP-00065832,8940,15,True,,exact duplicate; retained first source row
SHP-00065832,19800,15,False,,exact duplicate; retained first source row
SHP-00052217,8966,15,True,freight_cost_usd,retained highest-quality copy; conflict in freight_cost_usd
SHP-00052217,86165,11,False,freight_cost_usd,retained highest-quality copy; conflict in freight_cost_usd
SHP-00023815,9011,15,True,,exact duplicate; retained first source row
SHP-00023815,41939,15,False,,exact duplicate; retained first source row
SHP-00046580,9015,14,True,,exact duplicate; retained first source row
SHP-00046580,70503,14,False,,exact duplicate; retained first source row
SHP-00037134,9016,14,True,,exact duplicate; retained first source row
SHP-00037134,46613,14,False,,exact duplicate; retained first source row
SHP-00037399,9033,14,True,,exact duplicate; retained first source row
SHP-00037399,65483,14,False,,exact duplicate; retained first source row
SHP-00050927,9051,15,True,,exact duplicate; retained first source row
SHP-00050927,12208,15,False,,exact duplicate; retained first source row
SHP-00069128,9056,15,True,,exact duplicate; retained first source row
SHP-00069128,25441,15,False,,exact duplicate; retained first source row
SHP-00013972,9061,14,True,shipment_weight_kg,retained highest-quality copy; conflict in shipment_weight_kg
SHP-00013972,68614,6,False,shipment_weight_kg,retained highest-quality copy; conflict in shipment_weight_kg
SHP-00034926,9062,15,True,,exact duplicate; retained first source row
SHP-00034926,31288,15,False,,exact duplicate; retained first source row
SHP-00068882,9080,15,True,,exact duplicate; retained first source row
SHP-00068882,47483,15,False,,exact duplicate; retained first source row
SHP-00047353,9082,15,True,,exact duplicate; retained first source row
SHP-00047353,17097,15,False,,exact duplicate; retained first source row
SHP-00018844,9089,15,True,,exact duplicate; retained first source row
SHP-00018844,33252,15,False,,exact duplicate; retained first source row
SHP-00004790,9140,15,True,,exact duplicate; retained first source row
SHP-00004790,65416,15,False,,exact duplicate; retained first source row
SHP-00031224,9159,15,True,shipment_weight_kg,retained highest-quality copy; conflict in shipment_weight_kg
SHP-00031224,79646,7,False,shipment_weight_kg,retained highest-quality copy; conflict in shipment_weight_kg
SHP-00075545,9175,14,True,freight_cost_usd,retained highest-quality copy; conflict in freight_cost_usd
SHP-00075545,20921,10,False,freight_cost_usd,retained highest-quality copy; conflict in freight_cost_usd
SHP-00005063,9196,15,True,,exact duplicate; retained first source row
SHP-00005063,45488,15,False,,exact duplicate; retained first source row
SHP-00048682,9219,15,True,,exact duplicate; retained first source row
SHP-00048682,43738,15,False,,exact duplicate; retained first source row
SHP-00029696,9240,14,True,shipment_weight_kg,retained highest-quality copy; conflict in shipment_weight_kg
SHP-00029696,76977,6,False,shipment_weight_kg,retained highest-quality copy; conflict in shipment_weight_kg
SHP-00041460,9273,15,True,,exact duplicate; retained first source row
SHP-00041460,87072,15,False,,exact duplicate; retained first source row
SHP-00074709,9291,15,True,,exact duplicate; retained first source row
SHP-00074709,11498,15,False,,exact duplicate; retained first source row
SHP-00042206,9297,15,True,,exact duplicate; retained first source row
SHP-00042206,52434,15,False,,exact duplicate; retained first source row
SHP-00085810,9348,14,True,,exact duplicate; retained first source row
SHP-00085810,87467,14,False,,exact duplicate; retained first source row
SHP-00049475,9355,14,True,,exact duplicate; retained first source row
SHP-00049475,35833,14,False,,exact duplicate; retained first source row
SHP-00069948,9363,14,True,,exact duplicate; retained first source row
SHP-00069948,47607,14,False,,exact duplicate; retained first source row
SHP-00077484,9388,15,True,,exact duplicate; retained first source row
SHP-00077484,37552,15,False,,exact duplicate; retained first source row
SHP-00004904,9413,15,True,,exact duplicate; retained first source row
SHP-00004904,33351,15,False,,exact duplicate; retained first source row
SHP-00054091,9415,14,True,,exact duplicate; retained first source row
SHP-00054091,78864,14,False,,exact duplicate; retained first source row
SHP-00016693,9423,15,True,,exact duplicate; retained first source row
SHP-00016693,15725,15,False,,exact duplicate; retained first source row
SHP-00068093,9442,15,True,,exact duplicate; retained first source row
SHP-00068093,75309,15,False,,exact duplicate; retained first source row
SHP-00031279,9455,15,True,,exact duplicate; retained first source row
SHP-00031279,53312,15,False,,exact duplicate; retained first source row
SHP-00058146,9459,15,True,,exact duplicate; retained first source row
SHP-00058146,81253,15,False,,exact duplicate; retained first source row
SHP-00000013,9461,15,True,,exact duplicate; retained first source row
SHP-00000013,28431,15,False,,exact duplicate; retained first source row
SHP-00004640,9477,11,False,freight_cost_usd,retained highest-quality copy; conflict in freight_cost_usd
SHP-00004640,13608,15,True,freight_cost_usd,retained highest-quality copy; conflict in freight_cost_usd
SHP-00003485,9520,15,True,,exact duplicate; retained first source row
SHP-00003485,58355,15,False,,exact duplicate; retained first source row
SHP-00078523,9527,15,True,,exact duplicate; retained first source row
SHP-00078523,21033,15,False,,exact duplicate; retained first source row
SHP-00017236,9571,15,True,,exact duplicate; retained first source row
SHP-00017236,40751,15,False,,exact duplicate; retained first source row
SHP-00017742,9585,15,True,,exact duplicate; retained first source row
SHP-00017742,45362,15,False,,exact duplicate; retained first source row
SHP-00073567,9594,15,True,,exact duplicate; retained first source row
SHP-00073567,27067,15,False,,exact duplicate; retained first source row
SHP-00013705,9598,14,True,,exact duplicate; retained first source row
SHP-00013705,54643,14,False,,exact duplicate; retained first source row
SHP-00037672,9607,15,True,,exact duplicate; retained first source row
SHP-00037672,57568,15,False,,exact duplicate; retained first source row
SHP-00060894,9652,15,True,,exact duplicate; retained first source row
SHP-00060894,76300,15,False,,exact duplicate; retained first source row
SHP-00080679,9653,15,True,,exact duplicate; retained first source row
SHP-00080679,55478,15,False,,exact duplicate; retained first source row
SHP-00063963,9724,15,True,,exact duplicate; retained first source row
SHP-00063963,51942,15,False,,exact duplicate; retained first source row
SHP-00061075,9735,15,True,,exact duplicate; retained first source row
SHP-00061075,61091,15,False,,exact duplicate; retained first source row
SHP-00005962,9774,15,True,,exact duplicate; retained first source row
SHP-00005962,30115,15,False,,exact duplicate; retained first source row
SHP-00027030,9790,15,True,,exact duplicate; retained first source row
SHP-00027030,34737,15,False,,exact duplicate; retained first source row
SHP-00022464,9791,15,True,,exact duplicate; retained first source row
SHP-00022464,60513,15,False,,exact duplicate; retained first source row
SHP-00058135,9796,15,True,,exact duplicate; retained first source row
SHP-00058135,14286,15,False,,exact duplicate; retained first source row
SHP-00060605,9811,15,True,,exact duplicate; retained first source row
SHP-00060605,48072,15,False,,exact duplicate; retained first source row
SHP-00001933,9849,15,True,,exact duplicate; retained first source row
SHP-00001933,76475,15,False,,exact duplicate; retained first source row
SHP-00084427,9885,14,True,,exact duplicate; retained first source row
SHP-00084427,67474,14,False,,exact duplicate; retained first source row
SHP-00001911,9897,15,True,,exact duplicate; retained first source row
SHP-00001911,82891,15,False,,exact duplicate; retained first source row
SHP-00071314,9903,15,True,,exact duplicate; retained first source row
SHP-00071314,75130,15,False,,exact duplicate; retained first source row
SHP-00010502,9941,14,True,,exact duplicate; retained first source row
SHP-00010502,14808,14,False,,exact duplicate; retained first source row
SHP-00034054,9956,15,True,,exact duplicate; retained first source row
SHP-00034054,84111,15,False,,exact duplicate; retained first source row
SHP-00047872,10013,15,True,,exact duplicate; retained first source row
SHP-00047872,31772,15,False,,exact duplicate; retained first source row
SHP-00025786,10020,14,True,,exact duplicate; retained first source row
SHP-00025786,83143,14,False,,exact duplicate; retained first source row
SHP-00020819,10024,15,True,,exact duplicate; retained first source row
SHP-00020819,83616,15,False,,exact duplicate; retained first source row
SHP-00056806,10032,15,True,,exact duplicate; retained first source row
SHP-00056806,31226,15,False,,exact duplicate; retained first source row
SHP-00041896,10067,14,True,freight_cost_usd,retained highest-quality copy; conflict in freight_cost_usd
SHP-00041896,30689,10,False,freight_cost_usd,retained highest-quality copy; conflict in freight_cost_usd
SHP-00083165,10080,14,True,,exact duplicate; retained first source row
SHP-00083165,12187,14,False,,exact duplicate; retained first source row
SHP-00058294,10094,15,True,,exact duplicate; retained first source row
SHP-00058294,84809,15,False,,exact duplicate; retained first source row
SHP-00039115,10102,14,True,,exact duplicate; retained first source row
SHP-00039115,38078,14,False,,exact duplicate; retained first source row
SHP-00021771,10122,15,True,,exact duplicate; retained first source row
SHP-00021771,54046,15,False,,exact duplicate; retained first source row
SHP-00020577,10153,15,True,,exact duplicate; retained first source row
SHP-00020577,21256,15,False,,exact duplicate; retained first source row
SHP-00063156,10163,15,True,,exact duplicate; retained first source row
SHP-00063156,17050,15,False,,exact duplicate; retained first source row
SHP-00047071,10222,14,True,,exact duplicate; retained first source row
SHP-00047071,23236,14,False,,exact duplicate; retained first source row
SHP-00039360,10229,15,True,,exact duplicate; retained first source row
SHP-00039360,43462,15,False,,exact duplicate; retained first source row
SHP-00060543,10268,15,True,,exact duplicate; retained first source row
SHP-00060543,29457,15,False,,exact duplicate; retained first source row
SHP-00039854,10292,15,True,,exact duplicate; retained first source row
SHP-00039854,49131,15,False,,exact duplicate; retained first source row
SHP-00082680,10317,15,True,,exact duplicate; retained first source row
SHP-00082680,45513,15,False,,exact duplicate; retained first source row
SHP-00076957,10380,15,True,,exact duplicate; retained first source row
SHP-00076957,28346,15,False,,exact duplicate; retained first source row
SHP-00084391,10388,15,True,,exact duplicate; retained first source row
SHP-00084391,16319,15,False,,exact duplicate; retained first source row
SHP-00018170,10466,14,True,,exact duplicate; retained first source row
SHP-00018170,45763,14,False,,exact duplicate; retained first source row
SHP-00067849,10481,15,True,,exact duplicate; retained first source row
SHP-00067849,36252,15,False,,exact duplicate; retained first source row
SHP-00036810,10525,15,True,,exact duplicate; retained first source row
SHP-00036810,39120,15,False,,exact duplicate; retained first source row
SHP-00068612,10533,14,True,,exact duplicate; retained first source row
SHP-00068612,39204,14,False,,exact duplicate; retained first source row
SHP-00062712,10604,15,True,,exact duplicate; retained first source row
SHP-00062712,32577,15,False,,exact duplicate; retained first source row
SHP-00039188,10608,15,True,,exact duplicate; retained first source row
SHP-00039188,64783,15,False,,exact duplicate; retained first source row
SHP-00036013,10651,15,True,,exact duplicate; retained first source row
SHP-00036013,57817,15,False,,exact duplicate; retained first source row
SHP-00015724,10692,14,True,,exact duplicate; retained first source row
SHP-00015724,48357,14,False,,exact duplicate; retained first source row
SHP-00012822,10704,15,True,,exact duplicate; retained first source row
SHP-00012822,61845,15,False,,exact duplicate; retained first source row
SHP-00014620,10710,14,True,,exact duplicate; retained first source row
SHP-00014620,57866,14,False,,exact duplicate; retained first source row
SHP-00083768,10711,15,True,,exact duplicate; retained first source row
SHP-00083768,83147,15,False,,exact duplicate; retained first source row
SHP-00081727,10734,15,True,,exact duplicate; retained first source row
SHP-00081727,44393,15,False,,exact duplicate; retained first source row
SHP-00014170,10736,15,True,,exact duplicate; retained first source row
SHP-00014170,71128,15,False,,exact duplicate; retained first source row
SHP-00044700,10745,5,False,transport_mode,retained highest-quality copy; conflict in transport_mode
SHP-00044700,32953,7,True,transport_mode,retained highest-quality copy; conflict in transport_mode
SHP-00039684,10764,15,True,,exact duplicate; retained first source row
SHP-00039684,52048,15,False,,exact duplicate; retained first source row
SHP-00041294,10769,14,True,,exact duplicate; retained first source row
SHP-00041294,19251,14,False,,exact duplicate; retained first source row
SHP-00011077,10819,15,True,,exact duplicate; retained first source row
SHP-00011077,86853,15,False,,exact duplicate; retained first source row
SHP-00051529,10846,15,True,,exact duplicate; retained first source row
SHP-00051529,38238,15,False,,exact duplicate; retained first source row
SHP-00019549,10850,14,True,,exact duplicate; retained first source row
SHP-00019549,55783,14,False,,exact duplicate; retained first source row
SHP-00085397,10898,14,True,,exact duplicate; retained first source row
SHP-00085397,81866,14,False,,exact duplicate; retained first source row
SHP-00010798,10910,15,True,,exact duplicate; retained first source row
SHP-00010798,77324,15,False,,exact duplicate; retained first source row
SHP-00061547,10912,15,True,,exact duplicate; retained first source row
SHP-00061547,11464,15,False,,exact duplicate; retained first source row
SHP-00077267,10928,14,True,,exact duplicate; retained first source row
SHP-00077267,49961,14,False,,exact duplicate; retained first source row
SHP-00057822,10932,15,True,,exact duplicate; retained first source row
SHP-00057822,87833,15,False,,exact duplicate; retained first source row
SHP-00012840,10979,15,True,,exact duplicate; retained first source row
SHP-00012840,59455,15,False,,exact duplicate; retained first source row
SHP-00031908,10989,14,True,,exact duplicate; retained first source row
SHP-00031908,64164,14,False,,exact duplicate; retained first source row
SHP-00026295,10990,15,True,,exact duplicate; retained first source row
SHP-00026295,31402,15,False,,exact duplicate; retained first source row
SHP-00063733,11036,15,True,,exact duplicate; retained first source row
SHP-00063733,88067,15,False,,exact duplicate; retained first source row
SHP-00051651,11039,15,True,freight_cost_usd,retained highest-quality copy; conflict in freight_cost_usd
SHP-00051651,11328,11,False,freight_cost_usd,retained highest-quality copy; conflict in freight_cost_usd
SHP-00075452,11092,15,True,,exact duplicate; retained first source row
SHP-00075452,61741,15,False,,exact duplicate; retained first source row
SHP-00063620,11132,15,True,,exact duplicate; retained first source row
SHP-00063620,56411,15,False,,exact duplicate; retained first source row
SHP-00010832,11136,14,True,,exact duplicate; retained first source row
SHP-00010832,79711,14,False,,exact duplicate; retained first source row
SHP-00003610,11140,14,True,,exact duplicate; retained first source row
SHP-00003610,82074,14,False,,exact duplicate; retained first source row
SHP-00055923,11176,15,True,,exact duplicate; retained first source row
SHP-00055923,69430,15,False,,exact duplicate; retained first source row
SHP-00028888,11177,15,True,,exact duplicate; retained first source row
SHP-00028888,80250,15,False,,exact duplicate; retained first source row
SHP-00014154,11209,14,True,,exact duplicate; retained first source row
SHP-00014154,88058,14,False,,exact duplicate; retained first source row
SHP-00075073,11218,14,True,,exact duplicate; retained first source row
SHP-00075073,61841,14,False,,exact duplicate; retained first source row
SHP-00060304,11238,14,True,,exact duplicate; retained first source row
SHP-00060304,61113,14,False,,exact duplicate; retained first source row
SHP-00038474,11250,15,True,freight_cost_usd,retained highest-quality copy; conflict in freight_cost_usd
SHP-00038474,64122,11,False,freight_cost_usd,retained highest-quality copy; conflict in freight_cost_usd
SHP-00035571,11300,15,True,,exact duplicate; retained first source row
SHP-00035571,38146,15,False,,exact duplicate; retained first source row
SHP-00074963,11310,15,True,,exact duplicate; retained first source row
SHP-00074963,71794,15,False,,exact duplicate; retained first source row
SHP-00072404,11350,15,True,,exact duplicate; retained first source row
SHP-00072404,54312,15,False,,exact duplicate; retained first source row
SHP-00077663,11361,15,True,,exact duplicate; retained first source row
SHP-00077663,88441,15,False,,exact duplicate; retained first source row
SHP-00029287,11371,15,True,,exact duplicate; retained first source row
SHP-00029287,34695,15,False,,exact duplicate; retained first source row
SHP-00082453,11400,14,True,,exact duplicate; retained first source row
SHP-00082453,56396,14,False,,exact duplicate; retained first source row
SHP-00039916,11406,14,True,,exact duplicate; retained first source row
SHP-00039916,72297,14,False,,exact duplicate; retained first source row
SHP-00072025,11465,15,True,,exact duplicate; retained first source row
SHP-00072025,22286,15,False,,exact duplicate; retained first source row
SHP-00063848,11466,14,True,,exact duplicate; retained first source row
SHP-00063848,47547,14,False,,exact duplicate; retained first source row
SHP-00023383,11470,15,True,,exact duplicate; retained first source row
SHP-00023383,30727,15,False,,exact duplicate; retained first source row
SHP-00081204,11502,14,True,,exact duplicate; retained first source row
SHP-00081204,34323,14,False,,exact duplicate; retained first source row
SHP-00019018,11524,15,True,shipment_weight_kg,retained highest-quality copy; conflict in shipment_weight_kg
SHP-00019018,28469,7,False,shipment_weight_kg,retained highest-quality copy; conflict in shipment_weight_kg
SHP-00044081,11536,15,True,,exact duplicate; retained first source row
SHP-00044081,50691,15,False,,exact duplicate; retained first source row
SHP-00082402,11551,15,True,,exact duplicate; retained first source row
SHP-00082402,85543,15,False,,exact duplicate; retained first source row
SHP-00029889,11591,15,True,,exact duplicate; retained first source row
SHP-00029889,28224,15,False,,exact duplicate; retained first source row
SHP-00027768,11647,14,True,,exact duplicate; retained first source row
SHP-00027768,79859,14,False,,exact duplicate; retained first source row
SHP-00028552,11685,15,True,,exact duplicate; retained first source row
SHP-00028552,26347,15,False,,exact duplicate; retained first source row
SHP-00080342,11686,14,True,,exact duplicate; retained first source row
SHP-00080342,76804,14,False,,exact duplicate; retained first source row
SHP-00054379,11693,15,True,,exact duplicate; retained first source row
SHP-00054379,25417,15,False,,exact duplicate; retained first source row
SHP-00030271,11703,14,True,,exact duplicate; retained first source row
SHP-00030271,72968,14,False,,exact duplicate; retained first source row
SHP-00026009,11735,15,True,,exact duplicate; retained first source row
SHP-00026009,69623,15,False,,exact duplicate; retained first source row
SHP-00036097,11760,15,True,,exact duplicate; retained first source row
SHP-00036097,77493,15,False,,exact duplicate; retained first source row
SHP-00077712,11765,14,True,,exact duplicate; retained first source row
SHP-00077712,49386,14,False,,exact duplicate; retained first source row
SHP-00022928,11780,15,True,,exact duplicate; retained first source row
SHP-00022928,19057,15,False,,exact duplicate; retained first source row
SHP-00043780,11796,15,True,,exact duplicate; retained first source row
SHP-00043780,49946,15,False,,exact duplicate; retained first source row
SHP-00039316,11813,14,True,,exact duplicate; retained first source row
SHP-00039316,71361,14,False,,exact duplicate; retained first source row
SHP-00023470,11827,14,True,,exact duplicate; retained first source row
SHP-00023470,31933,14,False,,exact duplicate; retained first source row
SHP-00054030,11838,14,True,transport_mode,retained highest-quality copy; conflict in transport_mode
SHP-00054030,31627,12,False,transport_mode,retained highest-quality copy; conflict in transport_mode
SHP-00025509,11844,12,False,transport_mode,retained highest-quality copy; conflict in transport_mode
SHP-00025509,42231,14,True,transport_mode,retained highest-quality copy; conflict in transport_mode
SHP-00004488,11852,15,True,,exact duplicate; retained first source row
SHP-00004488,36321,15,False,,exact duplicate; retained first source row
SHP-00019203,11877,14,True,,exact duplicate; retained first source row
SHP-00019203,51980,14,False,,exact duplicate; retained first source row
SHP-00034079,11884,15,True,,exact duplicate; retained first source row
SHP-00034079,35101,15,False,,exact duplicate; retained first source row
SHP-00067594,11911,15,True,transport_mode,retained highest-quality copy; conflict in transport_mode
SHP-00067594,14811,13,False,transport_mode,retained highest-quality copy; conflict in transport_mode
SHP-00015073,11918,15,True,,exact duplicate; retained first source row
SHP-00015073,39272,15,False,,exact duplicate; retained first source row
SHP-00039317,11949,15,True,,exact duplicate; retained first source row
SHP-00039317,70589,15,False,,exact duplicate; retained first source row
SHP-00006401,11964,15,True,,exact duplicate; retained first source row
SHP-00006401,87890,15,False,,exact duplicate; retained first source row
SHP-00025100,11968,7,False,shipment_weight_kg,retained highest-quality copy; conflict in shipment_weight_kg
SHP-00025100,80617,15,True,shipment_weight_kg,retained highest-quality copy; conflict in shipment_weight_kg
SHP-00059069,11985,14,True,,exact duplicate; retained first source row
SHP-00059069,34577,14,False,,exact duplicate; retained first source row
SHP-00032080,12011,15,True,,exact duplicate; retained first source row
SHP-00032080,35297,15,False,,exact duplicate; retained first source row
SHP-00063419,12034,15,True,,exact duplicate; retained first source row
SHP-00063419,61736,15,False,,exact duplicate; retained first source row
SHP-00043205,12052,15,True,,exact duplicate; retained first source row
SHP-00043205,17028,15,False,,exact duplicate; retained first source row
SHP-00030223,12053,14,True,,exact duplicate; retained first source row
SHP-00030223,15475,14,False,,exact duplicate; retained first source row
SHP-00009771,12064,14,True,,exact duplicate; retained first source row
SHP-00009771,53886,14,False,,exact duplicate; retained first source row
SHP-00029239,12074,14,True,,exact duplicate; retained first source row
SHP-00029239,47070,14,False,,exact duplicate; retained first source row
SHP-00002535,12092,15,True,,exact duplicate; retained first source row
SHP-00002535,88116,15,False,,exact duplicate; retained first source row
SHP-00053536,12102,15,True,,exact duplicate; retained first source row
SHP-00053536,77561,15,False,,exact duplicate; retained first source row
SHP-00004932,12128,15,True,,exact duplicate; retained first source row
SHP-00004932,59594,15,False,,exact duplicate; retained first source row
SHP-00014492,12156,15,True,,exact duplicate; retained first source row
SHP-00014492,63004,15,False,,exact duplicate; retained first source row
SHP-00052548,12169,15,True,,exact duplicate; retained first source row
SHP-00052548,84975,15,False,,exact duplicate; retained first source row
SHP-00070131,12182,15,True,,exact duplicate; retained first source row
SHP-00070131,26201,15,False,,exact duplicate; retained first source row
SHP-00084852,12185,14,True,shipment_weight_kg,retained highest-quality copy; conflict in shipment_weight_kg
SHP-00084852,39696,6,False,shipment_weight_kg,retained highest-quality copy; conflict in shipment_weight_kg
SHP-00068695,12212,15,True,transport_mode,retained highest-quality copy; conflict in transport_mode
SHP-00068695,75403,13,False,transport_mode,retained highest-quality copy; conflict in transport_mode
SHP-00022151,12228,15,True,,exact duplicate; retained first source row
SHP-00022151,59526,15,False,,exact duplicate; retained first source row
SHP-00033434,12236,14,True,,exact duplicate; retained first source row
SHP-00033434,40577,14,False,,exact duplicate; retained first source row
SHP-00007000,12266,15,True,,exact duplicate; retained first source row
SHP-00007000,82073,15,False,,exact duplicate; retained first source row
SHP-00006374,12302,13,False,transport_mode,retained highest-quality copy; conflict in transport_mode
SHP-00006374,59287,15,True,transport_mode,retained highest-quality copy; conflict in transport_mode
SHP-00037755,12312,14,True,,exact duplicate; retained first source row
SHP-00037755,70033,14,False,,exact duplicate; retained first source row
SHP-00082409,12329,15,True,,exact duplicate; retained first source row
SHP-00082409,45989,15,False,,exact duplicate; retained first source row
SHP-00055396,12330,15,True,,exact duplicate; retained first source row
SHP-00055396,59990,15,False,,exact duplicate; retained first source row
SHP-00036759,12365,15,True,,exact duplicate; retained first source row
SHP-00036759,52475,15,False,,exact duplicate; retained first source row
SHP-00023884,12366,15,True,,exact duplicate; retained first source row
SHP-00023884,56540,15,False,,exact duplicate; retained first source row
SHP-00006274,12377,15,True,,exact duplicate; retained first source row
SHP-00006274,36697,15,False,,exact duplicate; retained first source row
SHP-00034148,12383,15,True,,exact duplicate; retained first source row
SHP-00034148,74977,15,False,,exact duplicate; retained first source row
SHP-00069969,12390,14,True,,exact duplicate; retained first source row
SHP-00069969,42682,14,False,,exact duplicate; retained first source row
SHP-00016159,12411,15,True,,exact duplicate; retained first source row
SHP-00016159,51318,15,False,,exact duplicate; retained first source row
SHP-00049862,12438,15,True,,exact duplicate; retained first source row
SHP-00049862,85106,15,False,,exact duplicate; retained first source row
SHP-00023687,12449,15,True,,exact duplicate; retained first source row
SHP-00023687,85491,15,False,,exact duplicate; retained first source row
SHP-00043742,12458,15,True,shipment_weight_kg,retained highest-quality copy; conflict in shipment_weight_kg
SHP-00043742,86911,7,False,shipment_weight_kg,retained highest-quality copy; conflict in shipment_weight_kg
SHP-00056675,12477,14,True,,exact duplicate; retained first source row
SHP-00056675,72410,14,False,,exact duplicate; retained first source row
SHP-00023895,12499,15,True,,exact duplicate; retained first source row
SHP-00023895,80619,15,False,,exact duplicate; retained first source row
SHP-00018535,12533,13,False,transport_mode,retained highest-quality copy; conflict in transport_mode
SHP-00018535,63205,15,True,transport_mode,retained highest-quality copy; conflict in transport_mode
SHP-00070554,12540,15,True,,exact duplicate; retained first source row
SHP-00070554,87414,15,False,,exact duplicate; retained first source row
SHP-00078206,12602,15,True,,exact duplicate; retained first source row
SHP-00078206,51451,15,False,,exact duplicate; retained first source row
SHP-00015564,12624,15,True,,exact duplicate; retained first source row
SHP-00015564,48341,15,False,,exact duplicate; retained first source row
SHP-00068763,12653,15,True,,exact duplicate; retained first source row
SHP-00068763,41958,15,False,,exact duplicate; retained first source row
SHP-00060911,12662,6,False,shipment_weight_kg,retained highest-quality copy; conflict in shipment_weight_kg
SHP-00060911,53451,14,True,shipment_weight_kg,retained highest-quality copy; conflict in shipment_weight_kg
SHP-00068002,12690,15,True,,exact duplicate; retained first source row
SHP-00068002,82989,15,False,,exact duplicate; retained first source row
SHP-00023342,12701,14,True,,exact duplicate; retained first source row
SHP-00023342,15907,14,False,,exact duplicate; retained first source row
SHP-00070778,12703,14,True,,exact duplicate; retained first source row
SHP-00070778,65752,14,False,,exact duplicate; retained first source row
SHP-00040859,12724,15,True,,exact duplicate; retained first source row
SHP-00040859,24745,15,False,,exact duplicate; retained first source row
SHP-00061936,12734,15,True,,exact duplicate; retained first source row
SHP-00061936,28949,15,False,,exact duplicate; retained first source row
SHP-00015542,12748,15,True,,exact duplicate; retained first source row
SHP-00015542,82196,15,False,,exact duplicate; retained first source row
SHP-00051025,12779,15,True,,exact duplicate; retained first source row
SHP-00051025,58465,15,False,,exact duplicate; retained first source row
SHP-00083287,12795,14,True,,exact duplicate; retained first source row
SHP-00083287,78290,14,False,,exact duplicate; retained first source row
SHP-00025213,12883,14,True,,exact duplicate; retained first source row
SHP-00025213,40842,14,False,,exact duplicate; retained first source row
SHP-00074315,12889,15,True,,exact duplicate; retained first source row
SHP-00074315,74546,15,False,,exact duplicate; retained first source row
SHP-00071559,12949,15,True,,exact duplicate; retained first source row
SHP-00071559,24806,15,False,,exact duplicate; retained first source row
SHP-00066713,12954,15,True,,exact duplicate; retained first source row
SHP-00066713,57584,15,False,,exact duplicate; retained first source row
SHP-00064164,12961,13,False,transport_mode,retained highest-quality copy; conflict in transport_mode
SHP-00064164,45550,15,True,transport_mode,retained highest-quality copy; conflict in transport_mode
SHP-00005115,12965,14,True,,exact duplicate; retained first source row
SHP-00005115,82365,14,False,,exact duplicate; retained first source row
SHP-00001355,12982,14,True,"transport_mode, shipment_weight_kg","retained highest-quality copy; conflict in transport_mode, shipment_weight_kg"
SHP-00001355,42122,4,False,"transport_mode, shipment_weight_kg","retained highest-quality copy; conflict in transport_mode, shipment_weight_kg"
SHP-00029687,13035,15,True,,exact duplicate; retained first source row
SHP-00029687,36418,15,False,,exact duplicate; retained first source row
SHP-00056292,13079,14,True,,exact duplicate; retained first source row
SHP-00056292,49601,14,False,,exact duplicate; retained first source row
SHP-00033240,13106,15,True,,exact duplicate; retained first source row
SHP-00033240,73402,15,False,,exact duplicate; retained first source row
SHP-00055716,13107,15,True,,exact duplicate; retained first source row
SHP-00055716,35437,15,False,,exact duplicate; retained first source row
SHP-00069309,13135,15,True,,exact duplicate; retained first source row
SHP-00069309,30377,15,False,,exact duplicate; retained first source row
SHP-00017759,13244,13,False,transport_mode,retained highest-quality copy; conflict in transport_mode
SHP-00017759,53905,15,True,transport_mode,retained highest-quality copy; conflict in transport_mode
SHP-00078956,13252,14,True,,exact duplicate; retained first source row
SHP-00078956,86680,14,False,,exact duplicate; retained first source row
SHP-00004399,13268,15,True,,exact duplicate; retained first source row
SHP-00004399,37636,15,False,,exact duplicate; retained first source row
SHP-00037904,13292,6,False,shipment_weight_kg,retained highest-quality copy; conflict in shipment_weight_kg
SHP-00037904,26536,14,True,shipment_weight_kg,retained highest-quality copy; conflict in shipment_weight_kg
SHP-00023199,13326,15,True,,exact duplicate; retained first source row
SHP-00023199,55452,15,False,,exact duplicate; retained first source row
SHP-00022383,13335,14,True,,exact duplicate; retained first source row
SHP-00022383,67495,14,False,,exact duplicate; retained first source row
SHP-00022569,13364,15,True,,exact duplicate; retained first source row
SHP-00022569,82757,15,False,,exact duplicate; retained first source row
SHP-00026560,13368,15,True,,exact duplicate; retained first source row
SHP-00026560,77606,15,False,,exact duplicate; retained first source row
SHP-00076786,13371,15,True,,exact duplicate; retained first source row
SHP-00076786,33152,15,False,,exact duplicate; retained first source row
SHP-00043462,13406,15,True,,exact duplicate; retained first source row
SHP-00043462,42300,15,False,,exact duplicate; retained first source row
SHP-00046413,13413,15,True,,exact duplicate; retained first source row
SHP-00046413,63769,15,False,,exact duplicate; retained first source row
SHP-00033520,13416,15,True,,exact duplicate; retained first source row
SHP-00033520,57801,15,False,,exact duplicate; retained first source row
SHP-00013428,13514,15,True,,exact duplicate; retained first source row
SHP-00013428,76588,15,False,,exact duplicate; retained first source row
SHP-00049882,13549,15,True,,exact duplicate; retained first source row
SHP-00049882,50059,15,False,,exact duplicate; retained first source row
SHP-00082840,13574,14,True,,exact duplicate; retained first source row
SHP-00082840,41119,14,False,,exact duplicate; retained first source row
SHP-00033226,13605,15,True,,exact duplicate; retained first source row
SHP-00033226,27313,15,False,,exact duplicate; retained first source row
SHP-00032895,13639,14,True,,exact duplicate; retained first source row
SHP-00032895,17112,14,False,,exact duplicate; retained first source row
SHP-00046097,13668,15,True,,exact duplicate; retained first source row
SHP-00046097,62772,15,False,,exact duplicate; retained first source row
SHP-00015420,13685,15,True,,exact duplicate; retained first source row
SHP-00015420,86934,15,False,,exact duplicate; retained first source row
SHP-00038811,13693,6,False,shipment_weight_kg,retained highest-quality copy; conflict in shipment_weight_kg
SHP-00038811,72048,14,True,shipment_weight_kg,retained highest-quality copy; conflict in shipment_weight_kg
SHP-00058953,13716,15,True,,exact duplicate; retained first source row
SHP-00058953,45746,15,False,,exact duplicate; retained first source row
SHP-00015573,13735,15,True,,exact duplicate; retained first source row
SHP-00015573,69710,15,False,,exact duplicate; retained first source row
SHP-00017582,13756,14,True,,exact duplicate; retained first source row
SHP-00017582,40849,14,False,,exact duplicate; retained first source row
SHP-00074043,13762,15,True,,exact duplicate; retained first source row
SHP-00074043,72146,15,False,,exact duplicate; retained first source row
SHP-00025635,13781,15,True,,exact duplicate; retained first source row
SHP-00025635,21928,15,False,,exact duplicate; retained first source row
SHP-00057150,13787,14,True,,exact duplicate; retained first source row
SHP-00057150,19000,14,False,,exact duplicate; retained first source row
SHP-00014765,13806,14,True,,exact duplicate; retained first source row
SHP-00014765,30019,14,False,,exact duplicate; retained first source row
SHP-00015894,13831,14,True,transport_mode,retained highest-quality copy; conflict in transport_mode
SHP-00015894,19064,12,False,transport_mode,retained highest-quality copy; conflict in transport_mode
SHP-00017334,13859,14,True,,exact duplicate; retained first source row
SHP-00017334,56839,14,False,,exact duplicate; retained first source row
SHP-00025065,13860,15,True,,exact duplicate; retained first source row
SHP-00025065,74302,15,False,,exact duplicate; retained first source row
SHP-00003487,13861,14,True,,exact duplicate; retained first source row
SHP-00003487,71951,14,False,,exact duplicate; retained first source row
SHP-00011331,13878,14,True,,exact duplicate; retained first source row
SHP-00011331,79705,14,False,,exact duplicate; retained first source row
SHP-00049500,13910,14,True,,exact duplicate; retained first source row
SHP-00049500,42434,14,False,,exact duplicate; retained first source row
SHP-00047408,13921,15,True,,exact duplicate; retained first source row
SHP-00047408,44277,15,False,,exact duplicate; retained first source row
SHP-00011109,13941,14,True,,exact duplicate; retained first source row
SHP-00011109,53372,14,False,,exact duplicate; retained first source row
SHP-00002453,13983,15,True,,exact duplicate; retained first source row
SHP-00002453,24339,15,False,,exact duplicate; retained first source row
SHP-00005232,14010,15,True,,exact duplicate; retained first source row
SHP-00005232,61258,15,False,,exact duplicate; retained first source row
SHP-00047462,14070,14,True,,exact duplicate; retained first source row
SHP-00047462,16163,14,False,,exact duplicate; retained first source row
SHP-00069360,14073,15,True,,exact duplicate; retained first source row
SHP-00069360,37460,15,False,,exact duplicate; retained first source row
SHP-00029783,14080,15,True,,exact duplicate; retained first source row
SHP-00029783,21620,15,False,,exact duplicate; retained first source row
SHP-00081859,14155,15,True,,exact duplicate; retained first source row
SHP-00081859,82239,15,False,,exact duplicate; retained first source row
SHP-00063547,14157,15,True,,exact duplicate; retained first source row
SHP-00063547,30552,15,False,,exact duplicate; retained first source row
SHP-00080105,14216,15,True,,exact duplicate; retained first source row
SHP-00080105,47965,15,False,,exact duplicate; retained first source row
SHP-00002500,14218,15,True,,exact duplicate; retained first source row
SHP-00002500,47156,15,False,,exact duplicate; retained first source row
SHP-00015474,14262,14,True,,exact duplicate; retained first source row
SHP-00015474,28075,14,False,,exact duplicate; retained first source row
SHP-00060271,14276,15,True,,exact duplicate; retained first source row
SHP-00060271,48398,15,False,,exact duplicate; retained first source row
SHP-00058919,14302,14,True,,exact duplicate; retained first source row
SHP-00058919,52820,14,False,,exact duplicate; retained first source row
SHP-00012760,14334,14,True,,exact duplicate; retained first source row
SHP-00012760,50415,14,False,,exact duplicate; retained first source row
SHP-00034212,14350,14,True,,exact duplicate; retained first source row
SHP-00034212,43171,14,False,,exact duplicate; retained first source row
SHP-00036558,14359,14,True,,exact duplicate; retained first source row
SHP-00036558,40969,14,False,,exact duplicate; retained first source row
SHP-00066447,14362,15,True,,exact duplicate; retained first source row
SHP-00066447,78202,15,False,,exact duplicate; retained first source row
SHP-00074434,14402,15,True,,exact duplicate; retained first source row
SHP-00074434,67289,15,False,,exact duplicate; retained first source row
SHP-00021484,14427,14,True,,exact duplicate; retained first source row
SHP-00021484,65876,14,False,,exact duplicate; retained first source row
SHP-00031263,14448,14,True,,exact duplicate; retained first source row
SHP-00031263,23746,14,False,,exact duplicate; retained first source row
SHP-00000118,14460,15,True,,exact duplicate; retained first source row
SHP-00000118,38570,15,False,,exact duplicate; retained first source row
SHP-00064269,14471,15,True,,exact duplicate; retained first source row
SHP-00064269,63098,15,False,,exact duplicate; retained first source row
SHP-00049000,14484,14,True,,exact duplicate; retained first source row
SHP-00049000,30589,14,False,,exact duplicate; retained first source row
SHP-00051009,14521,15,True,,exact duplicate; retained first source row
SHP-00051009,29352,15,False,,exact duplicate; retained first source row
SHP-00082764,14525,14,True,,exact duplicate; retained first source row
SHP-00082764,66754,14,False,,exact duplicate; retained first source row
SHP-00085784,14561,15,True,,exact duplicate; retained first source row
SHP-00085784,27168,15,False,,exact duplicate; retained first source row
SHP-00044465,14612,14,True,,exact duplicate; retained first source row
SHP-00044465,39744,14,False,,exact duplicate; retained first source row
SHP-00037970,14617,14,True,transport_mode,retained highest-quality copy; conflict in transport_mode
SHP-00037970,54257,12,False,transport_mode,retained highest-quality copy; conflict in transport_mode
SHP-00064396,14652,14,True,,exact duplicate; retained first source row
SHP-00064396,19774,14,False,,exact duplicate; retained first source row
SHP-00068329,14680,15,True,,exact duplicate; retained first source row
SHP-00068329,31113,15,False,,exact duplicate; retained first source row
SHP-00046955,14724,15,True,,exact duplicate; retained first source row
SHP-00046955,60412,15,False,,exact duplicate; retained first source row
SHP-00018049,14777,15,True,,exact duplicate; retained first source row
SHP-00018049,82753,15,False,,exact duplicate; retained first source row
SHP-00009693,14789,15,True,,exact duplicate; retained first source row
SHP-00009693,50663,15,False,,exact duplicate; retained first source row
SHP-00047405,14794,15,True,,exact duplicate; retained first source row
SHP-00047405,46451,15,False,,exact duplicate; retained first source row
SHP-00022647,14815,15,True,,exact duplicate; retained first source row
SHP-00022647,44790,15,False,,exact duplicate; retained first source row
SHP-00042669,14836,15,True,,exact duplicate; retained first source row
SHP-00042669,40017,15,False,,exact duplicate; retained first source row
SHP-00042043,14841,14,True,,exact duplicate; retained first source row
SHP-00042043,70452,14,False,,exact duplicate; retained first source row
SHP-00021335,14851,15,True,,exact duplicate; retained first source row
SHP-00021335,79056,15,False,,exact duplicate; retained first source row
SHP-00080961,14916,14,True,,exact duplicate; retained first source row
SHP-00080961,33214,14,False,,exact duplicate; retained first source row
SHP-00062635,14920,15,True,,exact duplicate; retained first source row
SHP-00062635,70824,15,False,,exact duplicate; retained first source row
SHP-00071613,14927,15,True,,exact duplicate; retained first source row
SHP-00071613,68093,15,False,,exact duplicate; retained first source row
SHP-00039228,15004,15,True,,exact duplicate; retained first source row
SHP-00039228,71278,15,False,,exact duplicate; retained first source row
SHP-00060322,15019,15,True,,exact duplicate; retained first source row
SHP-00060322,20589,15,False,,exact duplicate; retained first source row
SHP-00069248,15037,15,True,,exact duplicate; retained first source row
SHP-00069248,48546,15,False,,exact duplicate; retained first source row
SHP-00045964,15078,15,True,,exact duplicate; retained first source row
SHP-00045964,31437,15,False,,exact duplicate; retained first source row
SHP-00010823,15103,15,True,,exact duplicate; retained first source row
SHP-00010823,85305,15,False,,exact duplicate; retained first source row
SHP-00031524,15148,15,True,,exact duplicate; retained first source row
SHP-00031524,40359,15,False,,exact duplicate; retained first source row
SHP-00058334,15170,14,True,,exact duplicate; retained first source row
SHP-00058334,37922,14,False,,exact duplicate; retained first source row
SHP-00080209,15182,15,True,,exact duplicate; retained first source row
SHP-00080209,74084,15,False,,exact duplicate; retained first source row
SHP-00033368,15197,15,True,,exact duplicate; retained first source row
SHP-00033368,59889,15,False,,exact duplicate; retained first source row
SHP-00033676,15212,15,True,,exact duplicate; retained first source row
SHP-00033676,80256,15,False,,exact duplicate; retained first source row
SHP-00044412,15237,15,True,,exact duplicate; retained first source row
SHP-00044412,72235,15,False,,exact duplicate; retained first source row
SHP-00033709,15242,14,True,,exact duplicate; retained first source row
SHP-00033709,43113,14,False,,exact duplicate; retained first source row
SHP-00005476,15250,15,True,,exact duplicate; retained first source row
SHP-00005476,68064,15,False,,exact duplicate; retained first source row
SHP-00028151,15252,15,True,,exact duplicate; retained first source row
SHP-00028151,73878,15,False,,exact duplicate; retained first source row
SHP-00024971,15262,15,True,,exact duplicate; retained first source row
SHP-00024971,26252,15,False,,exact duplicate; retained first source row
SHP-00042197,15265,15,True,,exact duplicate; retained first source row
SHP-00042197,67202,15,False,,exact duplicate; retained first source row
SHP-00025164,15273,15,True,,exact duplicate; retained first source row
SHP-00025164,59108,15,False,,exact duplicate; retained first source row
SHP-00026721,15279,15,True,transport_mode,retained highest-quality copy; conflict in transport_mode
SHP-00026721,36341,13,False,transport_mode,retained highest-quality copy; conflict in transport_mode
SHP-00060938,15299,14,True,,exact duplicate; retained first source row
SHP-00060938,76745,14,False,,exact duplicate; retained first source row
SHP-00015295,15324,15,True,,exact duplicate; retained first source row
SHP-00015295,56823,15,False,,exact duplicate; retained first source row
SHP-00082201,15332,15,True,,exact duplicate; retained first source row
SHP-00082201,28852,15,False,,exact duplicate; retained first source row
SHP-00046817,15411,14,True,,exact duplicate; retained first source row
SHP-00046817,39506,14,False,,exact duplicate; retained first source row
SHP-00057729,15419,15,True,,exact duplicate; retained first source row
SHP-00057729,57435,15,False,,exact duplicate; retained first source row
SHP-00005204,15441,14,True,,exact duplicate; retained first source row
SHP-00005204,72874,14,False,,exact duplicate; retained first source row
SHP-00011777,15456,15,True,,exact duplicate; retained first source row
SHP-00011777,16585,15,False,,exact duplicate; retained first source row
SHP-00047229,15461,14,True,,exact duplicate; retained first source row
SHP-00047229,41260,14,False,,exact duplicate; retained first source row
SHP-00007537,15478,15,True,,exact duplicate; retained first source row
SHP-00007537,82853,15,False,,exact duplicate; retained first source row
SHP-00012928,15479,13,False,transport_mode,retained highest-quality copy; conflict in transport_mode
SHP-00012928,82559,15,True,transport_mode,retained highest-quality copy; conflict in transport_mode
SHP-00041891,15486,14,True,,exact duplicate; retained first source row
SHP-00041891,71813,14,False,,exact duplicate; retained first source row
SHP-00027240,15492,15,True,,exact duplicate; retained first source row
SHP-00027240,24536,15,False,,exact duplicate; retained first source row
SHP-00083348,15502,15,True,,exact duplicate; retained first source row
SHP-00083348,16403,15,False,,exact duplicate; retained first source row
SHP-00061612,15503,15,True,,exact duplicate; retained first source row
SHP-00061612,46685,15,False,,exact duplicate; retained first source row
SHP-00037592,15530,15,True,,exact duplicate; retained first source row
SHP-00037592,33283,15,False,,exact duplicate; retained first source row
SHP-00067563,15542,14,True,,exact duplicate; retained first source row
SHP-00067563,21234,14,False,,exact duplicate; retained first source row
SHP-00053151,15550,14,True,,exact duplicate; retained first source row
SHP-00053151,47225,14,False,,exact duplicate; retained first source row
SHP-00080223,15551,15,True,,exact duplicate; retained first source row
SHP-00080223,39034,15,False,,exact duplicate; retained first source row
SHP-00036584,15557,14,True,transport_mode,retained highest-quality copy; conflict in transport_mode
SHP-00036584,53139,12,False,transport_mode,retained highest-quality copy; conflict in transport_mode
SHP-00045665,15616,15,True,,exact duplicate; retained first source row
SHP-00045665,80061,15,False,,exact duplicate; retained first source row
SHP-00044033,15653,15,True,,exact duplicate; retained first source row
SHP-00044033,82232,15,False,,exact duplicate; retained first source row
SHP-00053578,15701,15,True,shipment_weight_kg,retained highest-quality copy; conflict in shipment_weight_kg
SHP-00053578,83720,7,False,shipment_weight_kg,retained highest-quality copy; conflict in shipment_weight_kg
SHP-00021919,15717,15,True,,exact duplicate; retained first source row
SHP-00021919,25770,15,False,,exact duplicate; retained first source row
SHP-00031606,15729,15,True,,exact duplicate; retained first source row
SHP-00031606,78204,15,False,,exact duplicate; retained first source row
SHP-00068640,15746,14,True,,exact duplicate; retained first source row
SHP-00068640,26388,14,False,,exact duplicate; retained first source row
SHP-00082269,15753,14,True,,exact duplicate; retained first source row
SHP-00082269,36115,14,False,,exact duplicate; retained first source row
SHP-00064539,15757,15,True,,exact duplicate; retained first source row
SHP-00064539,78789,15,False,,exact duplicate; retained first source row
SHP-00085009,15794,15,True,,exact duplicate; retained first source row
SHP-00085009,36920,15,False,,exact duplicate; retained first source row
SHP-00053148,15796,15,True,,exact duplicate; retained first source row
SHP-00053148,67420,15,False,,exact duplicate; retained first source row
SHP-00051282,15804,15,True,,exact duplicate; retained first source row
SHP-00051282,82758,15,False,,exact duplicate; retained first source row
SHP-00058841,15809,14,True,,exact duplicate; retained first source row
SHP-00058841,33463,14,False,,exact duplicate; retained first source row
SHP-00031317,15815,15,True,,exact duplicate; retained first source row
SHP-00031317,72378,15,False,,exact duplicate; retained first source row
SHP-00029268,15852,15,True,,exact duplicate; retained first source row
SHP-00029268,81966,15,False,,exact duplicate; retained first source row
SHP-00057097,15863,15,True,,exact duplicate; retained first source row
SHP-00057097,57168,15,False,,exact duplicate; retained first source row
SHP-00036781,15865,15,True,,exact duplicate; retained first source row
SHP-00036781,63991,15,False,,exact duplicate; retained first source row
SHP-00030389,15889,15,True,,exact duplicate; retained first source row
SHP-00030389,72330,15,False,,exact duplicate; retained first source row
SHP-00007030,15894,15,True,,exact duplicate; retained first source row
SHP-00007030,52984,15,False,,exact duplicate; retained first source row
SHP-00014220,15912,14,True,,exact duplicate; retained first source row
SHP-00014220,60952,14,False,,exact duplicate; retained first source row
SHP-00076146,15914,15,True,,exact duplicate; retained first source row
SHP-00076146,67839,15,False,,exact duplicate; retained first source row
SHP-00051897,15921,14,True,,exact duplicate; retained first source row
SHP-00051897,79408,14,False,,exact duplicate; retained first source row
SHP-00085388,16035,15,True,,exact duplicate; retained first source row
SHP-00085388,79147,15,False,,exact duplicate; retained first source row
SHP-00079764,16059,15,True,,exact duplicate; retained first source row
SHP-00079764,43847,15,False,,exact duplicate; retained first source row
SHP-00001904,16068,14,True,,exact duplicate; retained first source row
SHP-00001904,41251,14,False,,exact duplicate; retained first source row
SHP-00043334,16078,14,True,,exact duplicate; retained first source row
SHP-00043334,45257,14,False,,exact duplicate; retained first source row
SHP-00031128,16083,15,True,,exact duplicate; retained first source row
SHP-00031128,29819,15,False,,exact duplicate; retained first source row
SHP-00022604,16134,15,True,transport_mode,retained highest-quality copy; conflict in transport_mode
SHP-00022604,34028,13,False,transport_mode,retained highest-quality copy; conflict in transport_mode
SHP-00018320,16152,15,True,,exact duplicate; retained first source row
SHP-00018320,29403,15,False,,exact duplicate; retained first source row
SHP-00062070,16244,15,True,,exact duplicate; retained first source row
SHP-00062070,76953,15,False,,exact duplicate; retained first source row
SHP-00029946,16246,14,True,,exact duplicate; retained first source row
SHP-00029946,71161,14,False,,exact duplicate; retained first source row
SHP-00073565,16297,15,True,,exact duplicate; retained first source row
SHP-00073565,64345,15,False,,exact duplicate; retained first source row
SHP-00048632,16300,14,True,,exact duplicate; retained first source row
SHP-00048632,24932,14,False,,exact duplicate; retained first source row
SHP-00000862,16303,14,True,,exact duplicate; retained first source row
SHP-00000862,37594,14,False,,exact duplicate; retained first source row
SHP-00085731,16306,14,True,,exact duplicate; retained first source row
SHP-00085731,43281,14,False,,exact duplicate; retained first source row
SHP-00028976,16353,15,True,,exact duplicate; retained first source row
SHP-00028976,25870,15,False,,exact duplicate; retained first source row
SHP-00036627,16386,14,True,,exact duplicate; retained first source row
SHP-00036627,81411,14,False,,exact duplicate; retained first source row
SHP-00045576,16419,15,True,,exact duplicate; retained first source row
SHP-00045576,20855,15,False,,exact duplicate; retained first source row
SHP-00044841,16420,15,True,transport_mode,retained highest-quality copy; conflict in transport_mode
SHP-00044841,50747,13,False,transport_mode,retained highest-quality copy; conflict in transport_mode
SHP-00063623,16439,15,True,,exact duplicate; retained first source row
SHP-00063623,65337,15,False,,exact duplicate; retained first source row
SHP-00031830,16448,14,True,,exact duplicate; retained first source row
SHP-00031830,23279,14,False,,exact duplicate; retained first source row
SHP-00017694,16450,15,True,,exact duplicate; retained first source row
SHP-00017694,40126,15,False,,exact duplicate; retained first source row
SHP-00023051,16477,15,True,,exact duplicate; retained first source row
SHP-00023051,28363,15,False,,exact duplicate; retained first source row
SHP-00047664,16484,15,True,,exact duplicate; retained first source row
SHP-00047664,22253,15,False,,exact duplicate; retained first source row
SHP-00047678,16485,15,True,,exact duplicate; retained first source row
SHP-00047678,18742,15,False,,exact duplicate; retained first source row
SHP-00003172,16494,15,True,,exact duplicate; retained first source row
SHP-00003172,59208,15,False,,exact duplicate; retained first source row
SHP-00046401,16576,15,True,,exact duplicate; retained first source row
SHP-00046401,47128,15,False,,exact duplicate; retained first source row
SHP-00040777,16655,14,True,,exact duplicate; retained first source row
SHP-00040777,34621,14,False,,exact duplicate; retained first source row
SHP-00014178,16660,14,True,,exact duplicate; retained first source row
SHP-00014178,77228,14,False,,exact duplicate; retained first source row
SHP-00001092,16668,15,True,,exact duplicate; retained first source row
SHP-00001092,73709,15,False,,exact duplicate; retained first source row
SHP-00057648,16673,15,True,,exact duplicate; retained first source row
SHP-00057648,88283,15,False,,exact duplicate; retained first source row
SHP-00018559,16686,15,True,,exact duplicate; retained first source row
SHP-00018559,65967,15,False,,exact duplicate; retained first source row
SHP-00061932,16690,15,True,,exact duplicate; retained first source row
SHP-00061932,58168,15,False,,exact duplicate; retained first source row
SHP-00009326,16711,14,True,,exact duplicate; retained first source row
SHP-00009326,53196,14,False,,exact duplicate; retained first source row
SHP-00072104,16733,14,True,,exact duplicate; retained first source row
SHP-00072104,86631,14,False,,exact duplicate; retained first source row
SHP-00024654,16825,15,True,,exact duplicate; retained first source row
SHP-00024654,20712,15,False,,exact duplicate; retained first source row
SHP-00074689,16837,15,True,,exact duplicate; retained first source row
SHP-00074689,68420,15,False,,exact duplicate; retained first source row
SHP-00031572,16892,15,True,,exact duplicate; retained first source row
SHP-00031572,22688,15,False,,exact duplicate; retained first source row
SHP-00003297,16901,14,True,,exact duplicate; retained first source row
SHP-00003297,71504,14,False,,exact duplicate; retained first source row
SHP-00000255,16911,15,True,,exact duplicate; retained first source row
SHP-00000255,53477,15,False,,exact duplicate; retained first source row
SHP-00025591,16930,15,True,,exact duplicate; retained first source row
SHP-00025591,21543,15,False,,exact duplicate; retained first source row
SHP-00040534,16941,15,True,,exact duplicate; retained first source row
SHP-00040534,34440,15,False,,exact duplicate; retained first source row
SHP-00077476,16943,15,True,,exact duplicate; retained first source row
SHP-00077476,69922,15,False,,exact duplicate; retained first source row
SHP-00035683,16953,15,True,,exact duplicate; retained first source row
SHP-00035683,79588,15,False,,exact duplicate; retained first source row
SHP-00045831,16961,14,True,,exact duplicate; retained first source row
SHP-00045831,75837,14,False,,exact duplicate; retained first source row
SHP-00069484,16970,15,True,,exact duplicate; retained first source row
SHP-00069484,40406,15,False,,exact duplicate; retained first source row
SHP-00085304,16980,14,True,,exact duplicate; retained first source row
SHP-00085304,85389,14,False,,exact duplicate; retained first source row
SHP-00082911,17032,15,True,,exact duplicate; retained first source row
SHP-00082911,37360,15,False,,exact duplicate; retained first source row
SHP-00031818,17045,15,True,,exact duplicate; retained first source row
SHP-00031818,48696,15,False,,exact duplicate; retained first source row
SHP-00072687,17057,15,True,,exact duplicate; retained first source row
SHP-00072687,45788,15,False,,exact duplicate; retained first source row
SHP-00003741,17084,14,True,,exact duplicate; retained first source row
SHP-00003741,36886,14,False,,exact duplicate; retained first source row
SHP-00068062,17104,15,True,,exact duplicate; retained first source row
SHP-00068062,52029,15,False,,exact duplicate; retained first source row
SHP-00040174,17111,14,True,,exact duplicate; retained first source row
SHP-00040174,42116,14,False,,exact duplicate; retained first source row
SHP-00042247,17137,15,True,,exact duplicate; retained first source row
SHP-00042247,53285,15,False,,exact duplicate; retained first source row
SHP-00049559,17144,14,True,,exact duplicate; retained first source row
SHP-00049559,20330,14,False,,exact duplicate; retained first source row
SHP-00074618,17145,14,True,,exact duplicate; retained first source row
SHP-00074618,32428,14,False,,exact duplicate; retained first source row
SHP-00033918,17204,15,True,,exact duplicate; retained first source row
SHP-00033918,83471,15,False,,exact duplicate; retained first source row
SHP-00050777,17205,15,True,,exact duplicate; retained first source row
SHP-00050777,77545,15,False,,exact duplicate; retained first source row
SHP-00004945,17216,15,True,,exact duplicate; retained first source row
SHP-00004945,43229,15,False,,exact duplicate; retained first source row
SHP-00084223,17264,15,True,,exact duplicate; retained first source row
SHP-00084223,66606,15,False,,exact duplicate; retained first source row
SHP-00030185,17276,13,False,transport_mode,retained highest-quality copy; conflict in transport_mode
SHP-00030185,68003,15,True,transport_mode,retained highest-quality copy; conflict in transport_mode
SHP-00000928,17305,14,True,,exact duplicate; retained first source row
SHP-00000928,61721,14,False,,exact duplicate; retained first source row
SHP-00076841,17310,15,True,,exact duplicate; retained first source row
SHP-00076841,81736,15,False,,exact duplicate; retained first source row
SHP-00077098,17312,14,True,,exact duplicate; retained first source row
SHP-00077098,52019,14,False,,exact duplicate; retained first source row
SHP-00069844,17315,7,False,shipment_weight_kg,retained highest-quality copy; conflict in shipment_weight_kg
SHP-00069844,69142,15,True,shipment_weight_kg,retained highest-quality copy; conflict in shipment_weight_kg
SHP-00054759,17384,15,True,,exact duplicate; retained first source row
SHP-00054759,36049,15,False,,exact duplicate; retained first source row
SHP-00017032,17386,15,True,,exact duplicate; retained first source row
SHP-00017032,26858,15,False,,exact duplicate; retained first source row
SHP-00038902,17392,15,True,,exact duplicate; retained first source row
SHP-00038902,33013,15,False,,exact duplicate; retained first source row
SHP-00066090,17398,14,True,,exact duplicate; retained first source row
SHP-00066090,57865,14,False,,exact duplicate; retained first source row
SHP-00032720,17439,14,True,,exact duplicate; retained first source row
SHP-00032720,56089,14,False,,exact duplicate; retained first source row
SHP-00045078,17466,15,True,,exact duplicate; retained first source row
SHP-00045078,36783,15,False,,exact duplicate; retained first source row
SHP-00001367,17484,15,True,,exact duplicate; retained first source row
SHP-00001367,49643,15,False,,exact duplicate; retained first source row
SHP-00015545,17499,14,True,,exact duplicate; retained first source row
SHP-00015545,30641,14,False,,exact duplicate; retained first source row
SHP-00019406,17511,15,True,,exact duplicate; retained first source row
SHP-00019406,70767,15,False,,exact duplicate; retained first source row
SHP-00076338,17523,14,True,,exact duplicate; retained first source row
SHP-00076338,27017,14,False,,exact duplicate; retained first source row
SHP-00038482,17567,7,False,shipment_weight_kg,retained highest-quality copy; conflict in shipment_weight_kg
SHP-00038482,55269,15,True,shipment_weight_kg,retained highest-quality copy; conflict in shipment_weight_kg
SHP-00073750,17573,15,True,,exact duplicate; retained first source row
SHP-00073750,38422,15,False,,exact duplicate; retained first source row
SHP-00079562,17584,15,True,,exact duplicate; retained first source row
SHP-00079562,24310,15,False,,exact duplicate; retained first source row
SHP-00033506,17662,15,True,,exact duplicate; retained first source row
SHP-00033506,80780,15,False,,exact duplicate; retained first source row
SHP-00012655,17676,15,True,,exact duplicate; retained first source row
SHP-00012655,41340,15,False,,exact duplicate; retained first source row
SHP-00080216,17683,14,True,,exact duplicate; retained first source row
SHP-00080216,67528,14,False,,exact duplicate; retained first source row
SHP-00000968,17687,15,True,,exact duplicate; retained first source row
SHP-00000968,69321,15,False,,exact duplicate; retained first source row
SHP-00060552,17688,14,True,,exact duplicate; retained first source row
SHP-00060552,53266,14,False,,exact duplicate; retained first source row
SHP-00002248,17702,14,True,,exact duplicate; retained first source row
SHP-00002248,18461,14,False,,exact duplicate; retained first source row
SHP-00024443,17721,7,False,shipment_weight_kg,retained highest-quality copy; conflict in shipment_weight_kg
SHP-00024443,47402,15,True,shipment_weight_kg,retained highest-quality copy; conflict in shipment_weight_kg
SHP-00012178,17723,14,True,,exact duplicate; retained first source row
SHP-00012178,48428,14,False,,exact duplicate; retained first source row
SHP-00066563,17736,15,True,,exact duplicate; retained first source row
SHP-00066563,48221,15,False,,exact duplicate; retained first source row
SHP-00009335,17768,15,True,,exact duplicate; retained first source row
SHP-00009335,84960,15,False,,exact duplicate; retained first source row
SHP-00085165,17784,15,True,,exact duplicate; retained first source row
SHP-00085165,22788,15,False,,exact duplicate; retained first source row
SHP-00012948,17788,15,True,,exact duplicate; retained first source row
SHP-00012948,36523,15,False,,exact duplicate; retained first source row
SHP-00085369,17808,15,True,,exact duplicate; retained first source row
SHP-00085369,49205,15,False,,exact duplicate; retained first source row
SHP-00014846,17812,15,True,,exact duplicate; retained first source row
SHP-00014846,32090,15,False,,exact duplicate; retained first source row
SHP-00023841,17818,15,True,shipment_weight_kg,retained highest-quality copy; conflict in shipment_weight_kg
SHP-00023841,54815,7,False,shipment_weight_kg,retained highest-quality copy; conflict in shipment_weight_kg
SHP-00008687,17839,15,True,,exact duplicate; retained first source row
SHP-00008687,52837,15,False,,exact duplicate; retained first source row
SHP-00025454,17892,15,True,,exact duplicate; retained first source row
SHP-00025454,33526,15,False,,exact duplicate; retained first source row
SHP-00019575,17897,15,True,,exact duplicate; retained first source row
SHP-00019575,25302,15,False,,exact duplicate; retained first source row
SHP-00063291,17922,15,True,,exact duplicate; retained first source row
SHP-00063291,76041,15,False,,exact duplicate; retained first source row
SHP-00077428,17989,15,True,,exact duplicate; retained first source row
SHP-00077428,59938,15,False,,exact duplicate; retained first source row
SHP-00032768,17990,15,True,,exact duplicate; retained first source row
SHP-00032768,54671,15,False,,exact duplicate; retained first source row
SHP-00085966,18008,15,True,,exact duplicate; retained first source row
SHP-00085966,60803,15,False,,exact duplicate; retained first source row
SHP-00010869,18045,14,True,,exact duplicate; retained first source row
SHP-00010869,32895,14,False,,exact duplicate; retained first source row
SHP-00011247,18082,14,True,,exact duplicate; retained first source row
SHP-00011247,41750,14,False,,exact duplicate; retained first source row
SHP-00024801,18114,15,True,,exact duplicate; retained first source row
SHP-00024801,20870,15,False,,exact duplicate; retained first source row
SHP-00024040,18133,15,True,,exact duplicate; retained first source row
SHP-00024040,75537,15,False,,exact duplicate; retained first source row
SHP-00061934,18135,14,True,freight_cost_usd,retained highest-quality copy; conflict in freight_cost_usd
SHP-00061934,18221,10,False,freight_cost_usd,retained highest-quality copy; conflict in freight_cost_usd
SHP-00036961,18148,15,True,,exact duplicate; retained first source row
SHP-00036961,80997,15,False,,exact duplicate; retained first source row
SHP-00071053,18179,15,True,,exact duplicate; retained first source row
SHP-00071053,75807,15,False,,exact duplicate; retained first source row
SHP-00046881,18217,14,True,,exact duplicate; retained first source row
SHP-00046881,75319,14,False,,exact duplicate; retained first source row
SHP-00020217,18229,14,True,,exact duplicate; retained first source row
SHP-00020217,49864,14,False,,exact duplicate; retained first source row
SHP-00003887,18230,13,False,transport_mode,retained highest-quality copy; conflict in transport_mode
SHP-00003887,52776,15,True,transport_mode,retained highest-quality copy; conflict in transport_mode
SHP-00076269,18238,15,True,,exact duplicate; retained first source row
SHP-00076269,18242,15,False,,exact duplicate; retained first source row
SHP-00052134,18240,15,True,,exact duplicate; retained first source row
SHP-00052134,85077,15,False,,exact duplicate; retained first source row
SHP-00060525,18271,15,True,,exact duplicate; retained first source row
SHP-00060525,29509,15,False,,exact duplicate; retained first source row
SHP-00065845,18312,15,True,,exact duplicate; retained first source row
SHP-00065845,45285,15,False,,exact duplicate; retained first source row
SHP-00083178,18354,15,True,,exact duplicate; retained first source row
SHP-00083178,47359,15,False,,exact duplicate; retained first source row
SHP-00029276,18363,15,True,,exact duplicate; retained first source row
SHP-00029276,35593,15,False,,exact duplicate; retained first source row
SHP-00027097,18380,14,True,,exact duplicate; retained first source row
SHP-00027097,23170,14,False,,exact duplicate; retained first source row
SHP-00043734,18429,15,True,,exact duplicate; retained first source row
SHP-00043734,80252,15,False,,exact duplicate; retained first source row
SHP-00066528,18435,14,True,,exact duplicate; retained first source row
SHP-00066528,50661,14,False,,exact duplicate; retained first source row
SHP-00015370,18463,14,True,shipment_weight_kg,retained highest-quality copy; conflict in shipment_weight_kg
SHP-00015370,55443,6,False,shipment_weight_kg,retained highest-quality copy; conflict in shipment_weight_kg
SHP-00045288,18494,15,True,,exact duplicate; retained first source row
SHP-00045288,37698,15,False,,exact duplicate; retained first source row
SHP-00072762,18499,13,False,transport_mode,retained highest-quality copy; conflict in transport_mode
SHP-00072762,29146,15,True,transport_mode,retained highest-quality copy; conflict in transport_mode
SHP-00057424,18501,15,True,,exact duplicate; retained first source row
SHP-00057424,36143,15,False,,exact duplicate; retained first source row
SHP-00021199,18533,14,True,,exact duplicate; retained first source row
SHP-00021199,42752,14,False,,exact duplicate; retained first source row
SHP-00051035,18537,15,True,,exact duplicate; retained first source row
SHP-00051035,49573,15,False,,exact duplicate; retained first source row
SHP-00039618,18565,15,True,,exact duplicate; retained first source row
SHP-00039618,66012,15,False,,exact duplicate; retained first source row
SHP-00057086,18566,15,True,,exact duplicate; retained first source row
SHP-00057086,52757,15,False,,exact duplicate; retained first source row
SHP-00004231,18601,14,True,,exact duplicate; retained first source row
SHP-00004231,73767,14,False,,exact duplicate; retained first source row
SHP-00040022,18612,15,True,,exact duplicate; retained first source row
SHP-00040022,33909,15,False,,exact duplicate; retained first source row
SHP-00060015,18625,14,True,,exact duplicate; retained first source row
SHP-00060015,62667,14,False,,exact duplicate; retained first source row
SHP-00053654,18629,14,True,,exact duplicate; retained first source row
SHP-00053654,81765,14,False,,exact duplicate; retained first source row
SHP-00073067,18648,14,True,,exact duplicate; retained first source row
SHP-00073067,56447,14,False,,exact duplicate; retained first source row
SHP-00006338,18650,15,True,,exact duplicate; retained first source row
SHP-00006338,24081,15,False,,exact duplicate; retained first source row
SHP-00058271,18653,14,True,,exact duplicate; retained first source row
SHP-00058271,53050,14,False,,exact duplicate; retained first source row
SHP-00083671,18706,15,True,,exact duplicate; retained first source row
SHP-00083671,32245,15,False,,exact duplicate; retained first source row
SHP-00031190,18754,15,True,,exact duplicate; retained first source row
SHP-00031190,59878,15,False,,exact duplicate; retained first source row
SHP-00067176,18781,14,True,,exact duplicate; retained first source row
SHP-00067176,74563,14,False,,exact duplicate; retained first source row
SHP-00040810,18796,15,True,,exact duplicate; retained first source row
SHP-00040810,72552,15,False,,exact duplicate; retained first source row
SHP-00000443,18809,13,False,transport_mode,retained highest-quality copy; conflict in transport_mode
SHP-00000443,59107,15,True,transport_mode,retained highest-quality copy; conflict in transport_mode
SHP-00036389,18908,15,True,,exact duplicate; retained first source row
SHP-00036389,73873,15,False,,exact duplicate; retained first source row
SHP-00066080,18912,15,True,,exact duplicate; retained first source row
SHP-00066080,48640,15,False,,exact duplicate; retained first source row
SHP-00059050,18922,14,True,,exact duplicate; retained first source row
SHP-00059050,63786,14,False,,exact duplicate; retained first source row
SHP-00044050,18923,15,True,,exact duplicate; retained first source row
SHP-00044050,86474,15,False,,exact duplicate; retained first source row
SHP-00070684,18931,14,True,,exact duplicate; retained first source row
SHP-00070684,26557,14,False,,exact duplicate; retained first source row
SHP-00031282,18937,14,True,,exact duplicate; retained first source row
SHP-00031282,70041,14,False,,exact duplicate; retained first source row
SHP-00005026,18940,15,True,,exact duplicate; retained first source row
SHP-00005026,82685,15,False,,exact duplicate; retained first source row
SHP-00037234,18951,15,True,,exact duplicate; retained first source row
SHP-00037234,23235,15,False,,exact duplicate; retained first source row
SHP-00031294,19041,15,True,,exact duplicate; retained first source row
SHP-00031294,56102,15,False,,exact duplicate; retained first source row
SHP-00050339,19046,15,True,,exact duplicate; retained first source row
SHP-00050339,57359,15,False,,exact duplicate; retained first source row
SHP-00054699,19055,15,True,,exact duplicate; retained first source row
SHP-00054699,30520,15,False,,exact duplicate; retained first source row
SHP-00050276,19075,14,True,,exact duplicate; retained first source row
SHP-00050276,41854,14,False,,exact duplicate; retained first source row
SHP-00066970,19086,13,False,transport_mode,retained highest-quality copy; conflict in transport_mode
SHP-00066970,55855,15,True,transport_mode,retained highest-quality copy; conflict in transport_mode
SHP-00060087,19088,15,True,,exact duplicate; retained first source row
SHP-00060087,81861,15,False,,exact duplicate; retained first source row
SHP-00012945,19105,15,True,,exact duplicate; retained first source row
SHP-00012945,33926,15,False,,exact duplicate; retained first source row
SHP-00036376,19124,15,True,,exact duplicate; retained first source row
SHP-00036376,84406,15,False,,exact duplicate; retained first source row
SHP-00019731,19158,14,True,,exact duplicate; retained first source row
SHP-00019731,72063,14,False,,exact duplicate; retained first source row
SHP-00017201,19214,15,True,,exact duplicate; retained first source row
SHP-00017201,51073,15,False,,exact duplicate; retained first source row
SHP-00017330,19243,13,True,"transport_mode, shipment_weight_kg","retained highest-quality copy; conflict in transport_mode, shipment_weight_kg"
SHP-00017330,72225,7,False,"transport_mode, shipment_weight_kg","retained highest-quality copy; conflict in transport_mode, shipment_weight_kg"
SHP-00068638,19257,14,True,,exact duplicate; retained first source row
SHP-00068638,26785,14,False,,exact duplicate; retained first source row
SHP-00010231,19279,7,False,shipment_weight_kg,retained highest-quality copy; conflict in shipment_weight_kg
SHP-00010231,84081,15,True,shipment_weight_kg,retained highest-quality copy; conflict in shipment_weight_kg
SHP-00029446,19290,14,True,,exact duplicate; retained first source row
SHP-00029446,77329,14,False,,exact duplicate; retained first source row
SHP-00049344,19298,14,True,,exact duplicate; retained first source row
SHP-00049344,56558,14,False,,exact duplicate; retained first source row
SHP-00082256,19318,14,True,,exact duplicate; retained first source row
SHP-00082256,85945,14,False,,exact duplicate; retained first source row
SHP-00024415,19338,15,True,,exact duplicate; retained first source row
SHP-00024415,21356,15,False,,exact duplicate; retained first source row
SHP-00063384,19386,15,True,,exact duplicate; retained first source row
SHP-00063384,65175,15,False,,exact duplicate; retained first source row
SHP-00032178,19393,15,True,,exact duplicate; retained first source row
SHP-00032178,36758,15,False,,exact duplicate; retained first source row
SHP-00008449,19409,14,True,,exact duplicate; retained first source row
SHP-00008449,54710,14,False,,exact duplicate; retained first source row
SHP-00014223,19422,15,True,,exact duplicate; retained first source row
SHP-00014223,42338,15,False,,exact duplicate; retained first source row
SHP-00067091,19457,15,True,,exact duplicate; retained first source row
SHP-00067091,45516,15,False,,exact duplicate; retained first source row
SHP-00048438,19462,14,True,,exact duplicate; retained first source row
SHP-00048438,45375,14,False,,exact duplicate; retained first source row
SHP-00033640,19473,13,False,transport_mode,retained highest-quality copy; conflict in transport_mode
SHP-00033640,62816,15,True,transport_mode,retained highest-quality copy; conflict in transport_mode
SHP-00046903,19476,15,True,,exact duplicate; retained first source row
SHP-00046903,29276,15,False,,exact duplicate; retained first source row
SHP-00056062,19477,15,True,shipment_weight_kg,retained highest-quality copy; conflict in shipment_weight_kg
SHP-00056062,79529,7,False,shipment_weight_kg,retained highest-quality copy; conflict in shipment_weight_kg
SHP-00084303,19492,15,True,,exact duplicate; retained first source row
SHP-00084303,70389,15,False,,exact duplicate; retained first source row
SHP-00013666,19496,14,True,,exact duplicate; retained first source row
SHP-00013666,37249,14,False,,exact duplicate; retained first source row
SHP-00068782,19505,15,True,,exact duplicate; retained first source row
SHP-00068782,28124,15,False,,exact duplicate; retained first source row
SHP-00083763,19524,15,True,,exact duplicate; retained first source row
SHP-00083763,35440,15,False,,exact duplicate; retained first source row
SHP-00085029,19540,15,True,,exact duplicate; retained first source row
SHP-00085029,48139,15,False,,exact duplicate; retained first source row
SHP-00011467,19555,15,True,,exact duplicate; retained first source row
SHP-00011467,75866,15,False,,exact duplicate; retained first source row
SHP-00069960,19582,11,False,freight_cost_usd,retained highest-quality copy; conflict in freight_cost_usd
SHP-00069960,71335,15,True,freight_cost_usd,retained highest-quality copy; conflict in freight_cost_usd
SHP-00009087,19590,14,True,,exact duplicate; retained first source row
SHP-00009087,38535,14,False,,exact duplicate; retained first source row
SHP-00066416,19632,14,True,,exact duplicate; retained first source row
SHP-00066416,34397,14,False,,exact duplicate; retained first source row
SHP-00080986,19644,15,True,,exact duplicate; retained first source row
SHP-00080986,31339,15,False,,exact duplicate; retained first source row
SHP-00074772,19656,15,True,,exact duplicate; retained first source row
SHP-00074772,21675,15,False,,exact duplicate; retained first source row
SHP-00012114,19684,15,True,,exact duplicate; retained first source row
SHP-00012114,84713,15,False,,exact duplicate; retained first source row
SHP-00030236,19722,14,True,,exact duplicate; retained first source row
SHP-00030236,45169,14,False,,exact duplicate; retained first source row
SHP-00025227,19733,15,True,,exact duplicate; retained first source row
SHP-00025227,78294,15,False,,exact duplicate; retained first source row
SHP-00072093,19756,15,True,,exact duplicate; retained first source row
SHP-00072093,68181,15,False,,exact duplicate; retained first source row
SHP-00056644,19811,15,True,,exact duplicate; retained first source row
SHP-00056644,54326,15,False,,exact duplicate; retained first source row
SHP-00081139,19829,15,True,,exact duplicate; retained first source row
SHP-00081139,37189,15,False,,exact duplicate; retained first source row
SHP-00048782,19837,15,True,,exact duplicate; retained first source row
SHP-00048782,34350,15,False,,exact duplicate; retained first source row
SHP-00030019,19840,15,True,,exact duplicate; retained first source row
SHP-00030019,28263,15,False,,exact duplicate; retained first source row
SHP-00007795,19849,7,False,shipment_weight_kg,retained highest-quality copy; conflict in shipment_weight_kg
SHP-00007795,53794,15,True,shipment_weight_kg,retained highest-quality copy; conflict in shipment_weight_kg
SHP-00085641,19870,14,True,,exact duplicate; retained first source row
SHP-00085641,43360,14,False,,exact duplicate; retained first source row
SHP-00011765,19901,15,True,transport_mode,retained highest-quality copy; conflict in transport_mode
SHP-00011765,83933,13,False,transport_mode,retained highest-quality copy; conflict in transport_mode
SHP-00066088,19924,15,True,,exact duplicate; retained first source row
SHP-00066088,54040,15,False,,exact duplicate; retained first source row
SHP-00019139,19925,14,True,,exact duplicate; retained first source row
SHP-00019139,39994,14,False,,exact duplicate; retained first source row
SHP-00005042,19934,15,True,,exact duplicate; retained first source row
SHP-00005042,81574,15,False,,exact duplicate; retained first source row
SHP-00053123,19980,14,True,,exact duplicate; retained first source row
SHP-00053123,34991,14,False,,exact duplicate; retained first source row
SHP-00037611,19981,15,True,,exact duplicate; retained first source row
SHP-00037611,56936,15,False,,exact duplicate; retained first source row
SHP-00038848,19996,15,True,transport_mode,retained highest-quality copy; conflict in transport_mode
SHP-00038848,72980,13,False,transport_mode,retained highest-quality copy; conflict in transport_mode
SHP-00044734,20004,15,True,,exact duplicate; retained first source row
SHP-00044734,45849,15,False,,exact duplicate; retained first source row
SHP-00068010,20010,15,True,,exact duplicate; retained first source row
SHP-00068010,64845,15,False,,exact duplicate; retained first source row
SHP-00040452,20032,15,True,,exact duplicate; retained first source row
SHP-00040452,31010,15,False,,exact duplicate; retained first source row
SHP-00018484,20034,15,True,,exact duplicate; retained first source row
SHP-00018484,85302,15,False,,exact duplicate; retained first source row
SHP-00063004,20056,14,True,,exact duplicate; retained first source row
SHP-00063004,48856,14,False,,exact duplicate; retained first source row
SHP-00082955,20069,15,True,,exact duplicate; retained first source row
SHP-00082955,79496,15,False,,exact duplicate; retained first source row
SHP-00009450,20110,15,True,,exact duplicate; retained first source row
SHP-00009450,63728,15,False,,exact duplicate; retained first source row
SHP-00057645,20123,14,True,,exact duplicate; retained first source row
SHP-00057645,71658,14,False,,exact duplicate; retained first source row
SHP-00035268,20162,15,True,,exact duplicate; retained first source row
SHP-00035268,50771,15,False,,exact duplicate; retained first source row
SHP-00047713,20168,10,False,freight_cost_usd,retained highest-quality copy; conflict in freight_cost_usd
SHP-00047713,61197,14,True,freight_cost_usd,retained highest-quality copy; conflict in freight_cost_usd
SHP-00062703,20183,15,True,,exact duplicate; retained first source row
SHP-00062703,48761,15,False,,exact duplicate; retained first source row
SHP-00076552,20206,14,True,,exact duplicate; retained first source row
SHP-00076552,36718,14,False,,exact duplicate; retained first source row
SHP-00024999,20222,14,True,,exact duplicate; retained first source row
SHP-00024999,43261,14,False,,exact duplicate; retained first source row
SHP-00014649,20257,15,True,,exact duplicate; retained first source row
SHP-00014649,53207,15,False,,exact duplicate; retained first source row
SHP-00002853,20289,14,True,,exact duplicate; retained first source row
SHP-00002853,24823,14,False,,exact duplicate; retained first source row
SHP-00050763,20319,11,False,freight_cost_usd,retained highest-quality copy; conflict in freight_cost_usd
SHP-00050763,82156,15,True,freight_cost_usd,retained highest-quality copy; conflict in freight_cost_usd
SHP-00021176,20328,15,True,,exact duplicate; retained first source row
SHP-00021176,68705,15,False,,exact duplicate; retained first source row
SHP-00047677,20344,15,True,,exact duplicate; retained first source row
SHP-00047677,61946,15,False,,exact duplicate; retained first source row
SHP-00014963,20345,15,True,,exact duplicate; retained first source row
SHP-00014963,84443,15,False,,exact duplicate; retained first source row
SHP-00046636,20357,14,True,,exact duplicate; retained first source row
SHP-00046636,26762,14,False,,exact duplicate; retained first source row
SHP-00061436,20358,15,True,,exact duplicate; retained first source row
SHP-00061436,66186,15,False,,exact duplicate; retained first source row
SHP-00043504,20374,14,True,,exact duplicate; retained first source row
SHP-00043504,33243,14,False,,exact duplicate; retained first source row
SHP-00022763,20409,14,True,,exact duplicate; retained first source row
SHP-00022763,52184,14,False,,exact duplicate; retained first source row
SHP-00029568,20423,15,True,,exact duplicate; retained first source row
SHP-00029568,55153,15,False,,exact duplicate; retained first source row
SHP-00034359,20443,15,True,,exact duplicate; retained first source row
SHP-00034359,38700,15,False,,exact duplicate; retained first source row
SHP-00084590,20453,15,True,,exact duplicate; retained first source row
SHP-00084590,50013,15,False,,exact duplicate; retained first source row
SHP-00015119,20479,15,True,,exact duplicate; retained first source row
SHP-00015119,80937,15,False,,exact duplicate; retained first source row
SHP-00023991,20490,13,False,transport_mode,retained highest-quality copy; conflict in transport_mode
SHP-00023991,66496,15,True,transport_mode,retained highest-quality copy; conflict in transport_mode
SHP-00017776,20502,15,True,,exact duplicate; retained first source row
SHP-00017776,42566,15,False,,exact duplicate; retained first source row
SHP-00015974,20504,14,True,,exact duplicate; retained first source row
SHP-00015974,35874,14,False,,exact duplicate; retained first source row
SHP-00073263,20520,15,True,,exact duplicate; retained first source row
SHP-00073263,33998,15,False,,exact duplicate; retained first source row
SHP-00000478,20529,15,True,,exact duplicate; retained first source row
SHP-00000478,86988,15,False,,exact duplicate; retained first source row
SHP-00049351,20539,14,True,,exact duplicate; retained first source row
SHP-00049351,35179,14,False,,exact duplicate; retained first source row
SHP-00073292,20613,14,True,,exact duplicate; retained first source row
SHP-00073292,28037,14,False,,exact duplicate; retained first source row
SHP-00080840,20615,15,True,,exact duplicate; retained first source row
SHP-00080840,21412,15,False,,exact duplicate; retained first source row
SHP-00002720,20625,14,True,,exact duplicate; retained first source row
SHP-00002720,65817,14,False,,exact duplicate; retained first source row
SHP-00010689,20644,15,True,,exact duplicate; retained first source row
SHP-00010689,22845,15,False,,exact duplicate; retained first source row
SHP-00013934,20656,15,True,,exact duplicate; retained first source row
SHP-00013934,56956,15,False,,exact duplicate; retained first source row
SHP-00024135,20685,15,True,"transport_mode, freight_cost_usd","retained highest-quality copy; conflict in transport_mode, freight_cost_usd"
SHP-00024135,32262,9,False,"transport_mode, freight_cost_usd","retained highest-quality copy; conflict in transport_mode, freight_cost_usd"
SHP-00019184,20726,15,True,,exact duplicate; retained first source row
SHP-00019184,48774,15,False,,exact duplicate; retained first source row
SHP-00024111,20735,14,True,,exact duplicate; retained first source row
SHP-00024111,28786,14,False,,exact duplicate; retained first source row
SHP-00014437,20738,14,True,,exact duplicate; retained first source row
SHP-00014437,40165,14,False,,exact duplicate; retained first source row
SHP-00070082,20747,7,False,shipment_weight_kg,retained highest-quality copy; conflict in shipment_weight_kg
SHP-00070082,63718,15,True,shipment_weight_kg,retained highest-quality copy; conflict in shipment_weight_kg
SHP-00073511,20819,14,True,,exact duplicate; retained first source row
SHP-00073511,61865,14,False,,exact duplicate; retained first source row
SHP-00067456,20828,15,True,,exact duplicate; retained first source row
SHP-00067456,39079,15,False,,exact duplicate; retained first source row
SHP-00036657,20832,14,True,,exact duplicate; retained first source row
SHP-00036657,66017,14,False,,exact duplicate; retained first source row
SHP-00036398,20938,13,True,"transport_mode, shipment_weight_kg","retained highest-quality copy; conflict in transport_mode, shipment_weight_kg"
SHP-00036398,31561,7,False,"transport_mode, shipment_weight_kg","retained highest-quality copy; conflict in transport_mode, shipment_weight_kg"
SHP-00074625,20979,15,True,,exact duplicate; retained first source row
SHP-00074625,49610,15,False,,exact duplicate; retained first source row
SHP-00066376,21002,15,True,,exact duplicate; retained first source row
SHP-00066376,75448,15,False,,exact duplicate; retained first source row
SHP-00085400,21031,14,True,,exact duplicate; retained first source row
SHP-00085400,40399,14,False,,exact duplicate; retained first source row
SHP-00019772,21045,14,True,,exact duplicate; retained first source row
SHP-00019772,71256,14,False,,exact duplicate; retained first source row
SHP-00027323,21096,15,True,,exact duplicate; retained first source row
SHP-00027323,70595,15,False,,exact duplicate; retained first source row
SHP-00038098,21106,15,True,,exact duplicate; retained first source row
SHP-00038098,45341,15,False,,exact duplicate; retained first source row
SHP-00049384,21108,15,True,,exact duplicate; retained first source row
SHP-00049384,69630,15,False,,exact duplicate; retained first source row
SHP-00065316,21127,15,True,,exact duplicate; retained first source row
SHP-00065316,62982,15,False,,exact duplicate; retained first source row
SHP-00031543,21165,15,True,,exact duplicate; retained first source row
SHP-00031543,73869,15,False,,exact duplicate; retained first source row
SHP-00038549,21168,14,True,,exact duplicate; retained first source row
SHP-00038549,87347,14,False,,exact duplicate; retained first source row
SHP-00011194,21169,15,True,,exact duplicate; retained first source row
SHP-00011194,48935,15,False,,exact duplicate; retained first source row
SHP-00068501,21192,15,True,,exact duplicate; retained first source row
SHP-00068501,58101,15,False,,exact duplicate; retained first source row
SHP-00072135,21287,14,True,,exact duplicate; retained first source row
SHP-00072135,33384,14,False,,exact duplicate; retained first source row
SHP-00067118,21288,14,True,,exact duplicate; retained first source row
SHP-00067118,61371,14,False,,exact duplicate; retained first source row
SHP-00049237,21296,15,True,,exact duplicate; retained first source row
SHP-00049237,33065,15,False,,exact duplicate; retained first source row
SHP-00036835,21307,15,True,,exact duplicate; retained first source row
SHP-00036835,84804,15,False,,exact duplicate; retained first source row
SHP-00026064,21321,14,True,,exact duplicate; retained first source row
SHP-00026064,60617,14,False,,exact duplicate; retained first source row
SHP-00060228,21329,15,True,,exact duplicate; retained first source row
SHP-00060228,80660,15,False,,exact duplicate; retained first source row
SHP-00018995,21347,15,True,,exact duplicate; retained first source row
SHP-00018995,41688,15,False,,exact duplicate; retained first source row
SHP-00027274,21350,15,True,transport_mode,retained highest-quality copy; conflict in transport_mode
SHP-00027274,45107,13,False,transport_mode,retained highest-quality copy; conflict in transport_mode
SHP-00011203,21362,14,True,,exact duplicate; retained first source row
SHP-00011203,75376,14,False,,exact duplicate; retained first source row
SHP-00040036,21367,14,True,,exact duplicate; retained first source row
SHP-00040036,62804,14,False,,exact duplicate; retained first source row
SHP-00023831,21368,14,True,,exact duplicate; retained first source row
SHP-00023831,32973,14,False,,exact duplicate; retained first source row
SHP-00011929,21381,15,True,shipment_weight_kg,retained highest-quality copy; conflict in shipment_weight_kg
SHP-00011929,22131,7,False,shipment_weight_kg,retained highest-quality copy; conflict in shipment_weight_kg
SHP-00040319,21391,15,True,,exact duplicate; retained first source row
SHP-00040319,75493,15,False,,exact duplicate; retained first source row
SHP-00037939,21400,14,True,,exact duplicate; retained first source row
SHP-00037939,79502,14,False,,exact duplicate; retained first source row
SHP-00031027,21417,15,True,,exact duplicate; retained first source row
SHP-00031027,39833,15,False,,exact duplicate; retained first source row
SHP-00051819,21431,14,True,,exact duplicate; retained first source row
SHP-00051819,40557,14,False,,exact duplicate; retained first source row
SHP-00075294,21435,14,True,,exact duplicate; retained first source row
SHP-00075294,28583,14,False,,exact duplicate; retained first source row
SHP-00002364,21465,14,True,,exact duplicate; retained first source row
SHP-00002364,77744,14,False,,exact duplicate; retained first source row
SHP-00000885,21491,15,True,,exact duplicate; retained first source row
SHP-00000885,57443,15,False,,exact duplicate; retained first source row
SHP-00021802,21523,15,True,,exact duplicate; retained first source row
SHP-00021802,46299,15,False,,exact duplicate; retained first source row
SHP-00043333,21538,15,True,,exact duplicate; retained first source row
SHP-00043333,25238,15,False,,exact duplicate; retained first source row
SHP-00003478,21551,15,True,,exact duplicate; retained first source row
SHP-00003478,24132,15,False,,exact duplicate; retained first source row
SHP-00007320,21594,14,True,,exact duplicate; retained first source row
SHP-00007320,87277,14,False,,exact duplicate; retained first source row
SHP-00022327,21608,12,False,transport_mode,retained highest-quality copy; conflict in transport_mode
SHP-00022327,69659,14,True,transport_mode,retained highest-quality copy; conflict in transport_mode
SHP-00085070,21635,15,True,,exact duplicate; retained first source row
SHP-00085070,58668,15,False,,exact duplicate; retained first source row
SHP-00080594,21637,15,True,,exact duplicate; retained first source row
SHP-00080594,35663,15,False,,exact duplicate; retained first source row
SHP-00045598,21656,15,True,,exact duplicate; retained first source row
SHP-00045598,44716,15,False,,exact duplicate; retained first source row
SHP-00029853,21666,15,True,,exact duplicate; retained first source row
SHP-00029853,81631,15,False,,exact duplicate; retained first source row
SHP-00045561,21739,14,True,,exact duplicate; retained first source row
SHP-00045561,63041,14,False,,exact duplicate; retained first source row
SHP-00070928,21826,15,True,,exact duplicate; retained first source row
SHP-00070928,86468,15,False,,exact duplicate; retained first source row
SHP-00020907,21858,15,True,,exact duplicate; retained first source row
SHP-00020907,80146,15,False,,exact duplicate; retained first source row
SHP-00084773,21874,14,True,,exact duplicate; retained first source row
SHP-00084773,63794,14,False,,exact duplicate; retained first source row
SHP-00001881,21881,14,True,,exact duplicate; retained first source row
SHP-00001881,23734,14,False,,exact duplicate; retained first source row
SHP-00056601,21894,12,False,transport_mode,retained highest-quality copy; conflict in transport_mode
SHP-00056601,41657,14,True,transport_mode,retained highest-quality copy; conflict in transport_mode
SHP-00061633,21897,15,True,,exact duplicate; retained first source row
SHP-00061633,25600,15,False,,exact duplicate; retained first source row
SHP-00034963,21926,15,True,,exact duplicate; retained first source row
SHP-00034963,68546,15,False,,exact duplicate; retained first source row
SHP-00049480,21933,14,True,,exact duplicate; retained first source row
SHP-00049480,36103,14,False,,exact duplicate; retained first source row
SHP-00019474,21966,15,True,,exact duplicate; retained first source row
SHP-00019474,59568,15,False,,exact duplicate; retained first source row
SHP-00048414,21967,15,True,,exact duplicate; retained first source row
SHP-00048414,50080,15,False,,exact duplicate; retained first source row
SHP-00068205,21973,15,True,,exact duplicate; retained first source row
SHP-00068205,69949,15,False,,exact duplicate; retained first source row
SHP-00031613,22003,15,True,,exact duplicate; retained first source row
SHP-00031613,24259,15,False,,exact duplicate; retained first source row
SHP-00001671,22017,15,True,,exact duplicate; retained first source row
SHP-00001671,82791,15,False,,exact duplicate; retained first source row
SHP-00059554,22100,15,True,,exact duplicate; retained first source row
SHP-00059554,54381,15,False,,exact duplicate; retained first source row
SHP-00047345,22125,12,False,transport_mode,retained highest-quality copy; conflict in transport_mode
SHP-00047345,27534,14,True,transport_mode,retained highest-quality copy; conflict in transport_mode
SHP-00056130,22150,15,True,,exact duplicate; retained first source row
SHP-00056130,83128,15,False,,exact duplicate; retained first source row
SHP-00011871,22155,14,True,,exact duplicate; retained first source row
SHP-00011871,30440,14,False,,exact duplicate; retained first source row
SHP-00061128,22223,14,True,,exact duplicate; retained first source row
SHP-00061128,68250,14,False,,exact duplicate; retained first source row
SHP-00059093,22261,15,True,,exact duplicate; retained first source row
SHP-00059093,82271,15,False,,exact duplicate; retained first source row
SHP-00075870,22274,14,True,,exact duplicate; retained first source row
SHP-00075870,79768,14,False,,exact duplicate; retained first source row
SHP-00029421,22284,14,True,,exact duplicate; retained first source row
SHP-00029421,52791,14,False,,exact duplicate; retained first source row
SHP-00028639,22292,15,True,freight_cost_usd,retained highest-quality copy; conflict in freight_cost_usd
SHP-00028639,34312,11,False,freight_cost_usd,retained highest-quality copy; conflict in freight_cost_usd
SHP-00013965,22392,15,True,,exact duplicate; retained first source row
SHP-00013965,34023,15,False,,exact duplicate; retained first source row
SHP-00073260,22404,15,True,,exact duplicate; retained first source row
SHP-00073260,61483,15,False,,exact duplicate; retained first source row
SHP-00049209,22418,15,True,,exact duplicate; retained first source row
SHP-00049209,52668,15,False,,exact duplicate; retained first source row
SHP-00045653,22444,6,False,shipment_weight_kg,retained highest-quality copy; conflict in shipment_weight_kg
SHP-00045653,68625,14,True,shipment_weight_kg,retained highest-quality copy; conflict in shipment_weight_kg
SHP-00000457,22462,14,True,,exact duplicate; retained first source row
SHP-00000457,48529,14,False,,exact duplicate; retained first source row
SHP-00071976,22466,15,True,,exact duplicate; retained first source row
SHP-00071976,51157,15,False,,exact duplicate; retained first source row
SHP-00080615,22473,15,True,transport_mode,retained highest-quality copy; conflict in transport_mode
SHP-00080615,54527,13,False,transport_mode,retained highest-quality copy; conflict in transport_mode
SHP-00007280,22479,15,True,,exact duplicate; retained first source row
SHP-00007280,22647,15,False,,exact duplicate; retained first source row
SHP-00041871,22503,14,True,,exact duplicate; retained first source row
SHP-00041871,70344,14,False,,exact duplicate; retained first source row
SHP-00031802,22515,14,True,,exact duplicate; retained first source row
SHP-00031802,82585,14,False,,exact duplicate; retained first source row
SHP-00028302,22529,14,True,,exact duplicate; retained first source row
SHP-00028302,70055,14,False,,exact duplicate; retained first source row
SHP-00080275,22581,15,True,,exact duplicate; retained first source row
SHP-00080275,74250,15,False,,exact duplicate; retained first source row
SHP-00032248,22609,15,True,,exact duplicate; retained first source row
SHP-00032248,81869,15,False,,exact duplicate; retained first source row
SHP-00047687,22622,15,True,,exact duplicate; retained first source row
SHP-00047687,71947,15,False,,exact duplicate; retained first source row
SHP-00053720,22629,15,True,,exact duplicate; retained first source row
SHP-00053720,68509,15,False,,exact duplicate; retained first source row
SHP-00058798,22633,15,True,transport_mode,retained highest-quality copy; conflict in transport_mode
SHP-00058798,29713,13,False,transport_mode,retained highest-quality copy; conflict in transport_mode
SHP-00070205,22665,15,True,,exact duplicate; retained first source row
SHP-00070205,84665,15,False,,exact duplicate; retained first source row
SHP-00018115,22678,15,True,shipment_weight_kg,retained highest-quality copy; conflict in shipment_weight_kg
SHP-00018115,54512,7,False,shipment_weight_kg,retained highest-quality copy; conflict in shipment_weight_kg
SHP-00010716,22680,15,True,transport_mode,retained highest-quality copy; conflict in transport_mode
SHP-00010716,50332,13,False,transport_mode,retained highest-quality copy; conflict in transport_mode
SHP-00084260,22706,15,True,,exact duplicate; retained first source row
SHP-00084260,81459,15,False,,exact duplicate; retained first source row
SHP-00065023,22733,15,True,,exact duplicate; retained first source row
SHP-00065023,41246,15,False,,exact duplicate; retained first source row
SHP-00082007,22776,15,True,,exact duplicate; retained first source row
SHP-00082007,66518,15,False,,exact duplicate; retained first source row
SHP-00021158,22778,14,True,,exact duplicate; retained first source row
SHP-00021158,27275,14,False,,exact duplicate; retained first source row
SHP-00070873,22793,14,True,,exact duplicate; retained first source row
SHP-00070873,70198,14,False,,exact duplicate; retained first source row
SHP-00063299,22806,15,True,,exact duplicate; retained first source row
SHP-00063299,80957,15,False,,exact duplicate; retained first source row
SHP-00070715,22807,15,True,,exact duplicate; retained first source row
SHP-00070715,33281,15,False,,exact duplicate; retained first source row
SHP-00005327,22877,14,True,,exact duplicate; retained first source row
SHP-00005327,85860,14,False,,exact duplicate; retained first source row
SHP-00035708,22908,14,True,,exact duplicate; retained first source row
SHP-00035708,64601,14,False,,exact duplicate; retained first source row
SHP-00047607,22920,15,True,,exact duplicate; retained first source row
SHP-00047607,60932,15,False,,exact duplicate; retained first source row
SHP-00011403,22930,15,True,,exact duplicate; retained first source row
SHP-00011403,26295,15,False,,exact duplicate; retained first source row
SHP-00081833,22931,15,True,,exact duplicate; retained first source row
SHP-00081833,54924,15,False,,exact duplicate; retained first source row
SHP-00058893,22950,14,True,,exact duplicate; retained first source row
SHP-00058893,53164,14,False,,exact duplicate; retained first source row
SHP-00036859,22953,15,True,,exact duplicate; retained first source row
SHP-00036859,61049,15,False,,exact duplicate; retained first source row
SHP-00068526,22958,14,True,,exact duplicate; retained first source row
SHP-00068526,80556,14,False,,exact duplicate; retained first source row
SHP-00033499,22985,15,True,,exact duplicate; retained first source row
SHP-00033499,49271,15,False,,exact duplicate; retained first source row
SHP-00060685,22992,14,True,,exact duplicate; retained first source row
SHP-00060685,65003,14,False,,exact duplicate; retained first source row
SHP-00013713,23037,15,True,,exact duplicate; retained first source row
SHP-00013713,81032,15,False,,exact duplicate; retained first source row
SHP-00005007,23038,14,True,,exact duplicate; retained first source row
SHP-00005007,28067,14,False,,exact duplicate; retained first source row
SHP-00045929,23043,15,True,,exact duplicate; retained first source row
SHP-00045929,41199,15,False,,exact duplicate; retained first source row
SHP-00016394,23044,15,True,,exact duplicate; retained first source row
SHP-00016394,75064,15,False,,exact duplicate; retained first source row
SHP-00055175,23052,15,True,,exact duplicate; retained first source row
SHP-00055175,75599,15,False,,exact duplicate; retained first source row
SHP-00024988,23123,14,True,freight_cost_usd,retained highest-quality copy; conflict in freight_cost_usd
SHP-00024988,41719,10,False,freight_cost_usd,retained highest-quality copy; conflict in freight_cost_usd
SHP-00061309,23143,15,True,,exact duplicate; retained first source row
SHP-00061309,79751,15,False,,exact duplicate; retained first source row
SHP-00065447,23203,15,True,,exact duplicate; retained first source row
SHP-00065447,70795,15,False,,exact duplicate; retained first source row
SHP-00072183,23255,14,True,"transport_mode, shipment_weight_kg","retained highest-quality copy; conflict in transport_mode, shipment_weight_kg"
SHP-00072183,32098,4,False,"transport_mode, shipment_weight_kg","retained highest-quality copy; conflict in transport_mode, shipment_weight_kg"
SHP-00049041,23262,15,True,,exact duplicate; retained first source row
SHP-00049041,54375,15,False,,exact duplicate; retained first source row
SHP-00060695,23397,15,True,,exact duplicate; retained first source row
SHP-00060695,53260,15,False,,exact duplicate; retained first source row
SHP-00021680,23442,15,True,,exact duplicate; retained first source row
SHP-00021680,49977,15,False,,exact duplicate; retained first source row
SHP-00081443,23475,15,True,,exact duplicate; retained first source row
SHP-00081443,80008,15,False,,exact duplicate; retained first source row
SHP-00069291,23502,14,True,,exact duplicate; retained first source row
SHP-00069291,58321,14,False,,exact duplicate; retained first source row
SHP-00053813,23513,15,True,,exact duplicate; retained first source row
SHP-00053813,61872,15,False,,exact duplicate; retained first source row
SHP-00044620,23550,15,True,,exact duplicate; retained first source row
SHP-00044620,26797,15,False,,exact duplicate; retained first source row
SHP-00001217,23595,15,True,,exact duplicate; retained first source row
SHP-00001217,75316,15,False,,exact duplicate; retained first source row
SHP-00019273,23605,15,True,,exact duplicate; retained first source row
SHP-00019273,27523,15,False,,exact duplicate; retained first source row
SHP-00013781,23628,14,True,,exact duplicate; retained first source row
SHP-00013781,70987,14,False,,exact duplicate; retained first source row
SHP-00024069,23653,15,True,,exact duplicate; retained first source row
SHP-00024069,39628,15,False,,exact duplicate; retained first source row
SHP-00083073,23659,15,True,,exact duplicate; retained first source row
SHP-00083073,40602,15,False,,exact duplicate; retained first source row
SHP-00073254,23662,15,True,,exact duplicate; retained first source row
SHP-00073254,87478,15,False,,exact duplicate; retained first source row
SHP-00058311,23683,15,True,,exact duplicate; retained first source row
SHP-00058311,87520,15,False,,exact duplicate; retained first source row
SHP-00018176,23706,14,True,,exact duplicate; retained first source row
SHP-00018176,27858,14,False,,exact duplicate; retained first source row
SHP-00016962,23709,15,True,,exact duplicate; retained first source row
SHP-00016962,87996,15,False,,exact duplicate; retained first source row
SHP-00005348,23750,15,True,,exact duplicate; retained first source row
SHP-00005348,78327,15,False,,exact duplicate; retained first source row
SHP-00019255,23792,15,True,,exact duplicate; retained first source row
SHP-00019255,73648,15,False,,exact duplicate; retained first source row
SHP-00028904,23884,15,True,,exact duplicate; retained first source row
SHP-00028904,30343,15,False,,exact duplicate; retained first source row
SHP-00074318,23908,15,True,,exact duplicate; retained first source row
SHP-00074318,40386,15,False,,exact duplicate; retained first source row
SHP-00084228,23923,15,True,,exact duplicate; retained first source row
SHP-00084228,35692,15,False,,exact duplicate; retained first source row
SHP-00085610,23926,14,True,,exact duplicate; retained first source row
SHP-00085610,44386,14,False,,exact duplicate; retained first source row
SHP-00031651,23934,15,True,,exact duplicate; retained first source row
SHP-00031651,38892,15,False,,exact duplicate; retained first source row
SHP-00047934,23935,15,True,,exact duplicate; retained first source row
SHP-00047934,80135,15,False,,exact duplicate; retained first source row
SHP-00069125,23958,15,True,,exact duplicate; retained first source row
SHP-00069125,25039,15,False,,exact duplicate; retained first source row
SHP-00034349,24024,15,True,,exact duplicate; retained first source row
SHP-00034349,28116,15,False,,exact duplicate; retained first source row
SHP-00082527,24060,14,True,,exact duplicate; retained first source row
SHP-00082527,76268,14,False,,exact duplicate; retained first source row
SHP-00033591,24076,7,False,shipment_weight_kg,retained highest-quality copy; conflict in shipment_weight_kg
SHP-00033591,27146,15,True,shipment_weight_kg,retained highest-quality copy; conflict in shipment_weight_kg
SHP-00069140,24101,15,True,transport_mode,retained highest-quality copy; conflict in transport_mode
SHP-00069140,65360,13,False,transport_mode,retained highest-quality copy; conflict in transport_mode
SHP-00043792,24128,15,True,,exact duplicate; retained first source row
SHP-00043792,34534,15,False,,exact duplicate; retained first source row
SHP-00022641,24139,14,True,,exact duplicate; retained first source row
SHP-00022641,49932,14,False,,exact duplicate; retained first source row
SHP-00040245,24237,15,True,,exact duplicate; retained first source row
SHP-00040245,82934,15,False,,exact duplicate; retained first source row
SHP-00048552,24243,15,True,,exact duplicate; retained first source row
SHP-00048552,40040,15,False,,exact duplicate; retained first source row
SHP-00060122,24298,15,True,,exact duplicate; retained first source row
SHP-00060122,80288,15,False,,exact duplicate; retained first source row
SHP-00004754,24393,15,True,,exact duplicate; retained first source row
SHP-00004754,72734,15,False,,exact duplicate; retained first source row
SHP-00063407,24414,15,True,,exact duplicate; retained first source row
SHP-00063407,41634,15,False,,exact duplicate; retained first source row
SHP-00073447,24417,15,True,,exact duplicate; retained first source row
SHP-00073447,79474,15,False,,exact duplicate; retained first source row
SHP-00072472,24431,15,True,,exact duplicate; retained first source row
SHP-00072472,48038,15,False,,exact duplicate; retained first source row
SHP-00055994,24437,15,True,,exact duplicate; retained first source row
SHP-00055994,68302,15,False,,exact duplicate; retained first source row
SHP-00058839,24447,15,True,,exact duplicate; retained first source row
SHP-00058839,66007,15,False,,exact duplicate; retained first source row
SHP-00037206,24490,15,True,,exact duplicate; retained first source row
SHP-00037206,48460,15,False,,exact duplicate; retained first source row
SHP-00016989,24550,15,True,,exact duplicate; retained first source row
SHP-00016989,34005,15,False,,exact duplicate; retained first source row
SHP-00000797,24560,15,True,,exact duplicate; retained first source row
SHP-00000797,27074,15,False,,exact duplicate; retained first source row
SHP-00016274,24639,15,True,,exact duplicate; retained first source row
SHP-00016274,68574,15,False,,exact duplicate; retained first source row
SHP-00072491,24641,14,True,,exact duplicate; retained first source row
SHP-00072491,73293,14,False,,exact duplicate; retained first source row
SHP-00067171,24687,14,True,,exact duplicate; retained first source row
SHP-00067171,77799,14,False,,exact duplicate; retained first source row
SHP-00004245,24697,15,True,,exact duplicate; retained first source row
SHP-00004245,77124,15,False,,exact duplicate; retained first source row
SHP-00025327,24709,14,True,,exact duplicate; retained first source row
SHP-00025327,72858,14,False,,exact duplicate; retained first source row
SHP-00021054,24722,15,True,,exact duplicate; retained first source row
SHP-00021054,46950,15,False,,exact duplicate; retained first source row
SHP-00047401,24738,14,True,,exact duplicate; retained first source row
SHP-00047401,74529,14,False,,exact duplicate; retained first source row
SHP-00049257,24751,15,True,,exact duplicate; retained first source row
SHP-00049257,51574,15,False,,exact duplicate; retained first source row
SHP-00014752,24753,7,False,shipment_weight_kg,retained highest-quality copy; conflict in shipment_weight_kg
SHP-00014752,29097,15,True,shipment_weight_kg,retained highest-quality copy; conflict in shipment_weight_kg
SHP-00066363,24799,15,True,,exact duplicate; retained first source row
SHP-00066363,46485,15,False,,exact duplicate; retained first source row
SHP-00007043,24801,15,True,,exact duplicate; retained first source row
SHP-00007043,79742,15,False,,exact duplicate; retained first source row
SHP-00045800,24869,13,False,transport_mode,retained highest-quality copy; conflict in transport_mode
SHP-00045800,34636,15,True,transport_mode,retained highest-quality copy; conflict in transport_mode
SHP-00024449,24944,14,True,,exact duplicate; retained first source row
SHP-00024449,34349,14,False,,exact duplicate; retained first source row
SHP-00053270,24972,14,True,,exact duplicate; retained first source row
SHP-00053270,34188,14,False,,exact duplicate; retained first source row
SHP-00083478,24982,15,True,,exact duplicate; retained first source row
SHP-00083478,68877,15,False,,exact duplicate; retained first source row
SHP-00034691,25060,15,True,,exact duplicate; retained first source row
SHP-00034691,88555,15,False,,exact duplicate; retained first source row
SHP-00004356,25079,15,True,,exact duplicate; retained first source row
SHP-00004356,78465,15,False,,exact duplicate; retained first source row
SHP-00074975,25097,14,True,,exact duplicate; retained first source row
SHP-00074975,86179,14,False,,exact duplicate; retained first source row
SHP-00046998,25111,15,True,,exact duplicate; retained first source row
SHP-00046998,81048,15,False,,exact duplicate; retained first source row
SHP-00082403,25126,15,True,,exact duplicate; retained first source row
SHP-00082403,67099,15,False,,exact duplicate; retained first source row
SHP-00015149,25145,15,True,,exact duplicate; retained first source row
SHP-00015149,69758,15,False,,exact duplicate; retained first source row
SHP-00082198,25156,15,True,shipment_weight_kg,retained highest-quality copy; conflict in shipment_weight_kg
SHP-00082198,65547,7,False,shipment_weight_kg,retained highest-quality copy; conflict in shipment_weight_kg
SHP-00068071,25158,14,True,,exact duplicate; retained first source row
SHP-00068071,36637,14,False,,exact duplicate; retained first source row
SHP-00085588,25212,15,True,,exact duplicate; retained first source row
SHP-00085588,70086,15,False,,exact duplicate; retained first source row
SHP-00043344,25240,14,True,,exact duplicate; retained first source row
SHP-00043344,64262,14,False,,exact duplicate; retained first source row
SHP-00061002,25261,14,True,,exact duplicate; retained first source row
SHP-00061002,66685,14,False,,exact duplicate; retained first source row
SHP-00031342,25266,11,False,freight_cost_usd,retained highest-quality copy; conflict in freight_cost_usd
SHP-00031342,82754,15,True,freight_cost_usd,retained highest-quality copy; conflict in freight_cost_usd
SHP-00042826,25280,14,True,,exact duplicate; retained first source row
SHP-00042826,63225,14,False,,exact duplicate; retained first source row
SHP-00085560,25304,15,True,,exact duplicate; retained first source row
SHP-00085560,31846,15,False,,exact duplicate; retained first source row
SHP-00055357,25309,14,True,,exact duplicate; retained first source row
SHP-00055357,81887,14,False,,exact duplicate; retained first source row
SHP-00069908,25320,15,True,,exact duplicate; retained first source row
SHP-00069908,88192,15,False,,exact duplicate; retained first source row
SHP-00042179,25416,15,True,,exact duplicate; retained first source row
SHP-00042179,28488,15,False,,exact duplicate; retained first source row
SHP-00082747,25434,15,True,,exact duplicate; retained first source row
SHP-00082747,27608,15,False,,exact duplicate; retained first source row
SHP-00034827,25461,15,True,,exact duplicate; retained first source row
SHP-00034827,80740,15,False,,exact duplicate; retained first source row
SHP-00077858,25467,15,True,,exact duplicate; retained first source row
SHP-00077858,83094,15,False,,exact duplicate; retained first source row
SHP-00070267,25505,15,True,transport_mode,retained highest-quality copy; conflict in transport_mode
SHP-00070267,33752,13,False,transport_mode,retained highest-quality copy; conflict in transport_mode
SHP-00007190,25507,15,True,,exact duplicate; retained first source row
SHP-00007190,30928,15,False,,exact duplicate; retained first source row
SHP-00003067,25570,15,True,,exact duplicate; retained first source row
SHP-00003067,43011,15,False,,exact duplicate; retained first source row
SHP-00036528,25582,14,True,,exact duplicate; retained first source row
SHP-00036528,71232,14,False,,exact duplicate; retained first source row
SHP-00046410,25590,14,True,,exact duplicate; retained first source row
SHP-00046410,66513,14,False,,exact duplicate; retained first source row
SHP-00052328,25665,15,True,,exact duplicate; retained first source row
SHP-00052328,37134,15,False,,exact duplicate; retained first source row
SHP-00039254,25674,14,True,,exact duplicate; retained first source row
SHP-00039254,38074,14,False,,exact duplicate; retained first source row
SHP-00009156,25675,15,True,,exact duplicate; retained first source row
SHP-00009156,65450,15,False,,exact duplicate; retained first source row
SHP-00066666,25680,15,True,,exact duplicate; retained first source row
SHP-00066666,36549,15,False,,exact duplicate; retained first source row
SHP-00021009,25683,14,True,,exact duplicate; retained first source row
SHP-00021009,56732,14,False,,exact duplicate; retained first source row
SHP-00045044,25712,15,True,,exact duplicate; retained first source row
SHP-00045044,69802,15,False,,exact duplicate; retained first source row
SHP-00007212,25730,15,True,,exact duplicate; retained first source row
SHP-00007212,82267,15,False,,exact duplicate; retained first source row
SHP-00050329,25758,15,True,,exact duplicate; retained first source row
SHP-00050329,29912,15,False,,exact duplicate; retained first source row
SHP-00076496,25763,15,True,,exact duplicate; retained first source row
SHP-00076496,53388,15,False,,exact duplicate; retained first source row
SHP-00066963,25811,15,True,,exact duplicate; retained first source row
SHP-00066963,63311,15,False,,exact duplicate; retained first source row
SHP-00059583,25840,15,True,transport_mode,retained highest-quality copy; conflict in transport_mode
SHP-00059583,60450,13,False,transport_mode,retained highest-quality copy; conflict in transport_mode
SHP-00049565,25903,15,True,,exact duplicate; retained first source row
SHP-00049565,65010,15,False,,exact duplicate; retained first source row
SHP-00056361,25924,15,True,,exact duplicate; retained first source row
SHP-00056361,73702,15,False,,exact duplicate; retained first source row
SHP-00056158,25941,14,True,,exact duplicate; retained first source row
SHP-00056158,54984,14,False,,exact duplicate; retained first source row
SHP-00002134,25942,15,True,freight_cost_usd,retained highest-quality copy; conflict in freight_cost_usd
SHP-00002134,67849,11,False,freight_cost_usd,retained highest-quality copy; conflict in freight_cost_usd
SHP-00043659,25979,15,True,,exact duplicate; retained first source row
SHP-00043659,57967,15,False,,exact duplicate; retained first source row
SHP-00023160,26001,14,True,,exact duplicate; retained first source row
SHP-00023160,73129,14,False,,exact duplicate; retained first source row
SHP-00001425,26040,15,True,,exact duplicate; retained first source row
SHP-00001425,79986,15,False,,exact duplicate; retained first source row
SHP-00002119,26052,14,True,,exact duplicate; retained first source row
SHP-00002119,73066,14,False,,exact duplicate; retained first source row
SHP-00015270,26069,15,True,,exact duplicate; retained first source row
SHP-00015270,43576,15,False,,exact duplicate; retained first source row
SHP-00018353,26070,15,True,,exact duplicate; retained first source row
SHP-00018353,64556,15,False,,exact duplicate; retained first source row
SHP-00004738,26071,15,True,,exact duplicate; retained first source row
SHP-00004738,86749,15,False,,exact duplicate; retained first source row
SHP-00085799,26117,14,True,,exact duplicate; retained first source row
SHP-00085799,60891,14,False,,exact duplicate; retained first source row
SHP-00042580,26123,15,True,,exact duplicate; retained first source row
SHP-00042580,62198,15,False,,exact duplicate; retained first source row
SHP-00063212,26125,13,False,transport_mode,retained highest-quality copy; conflict in transport_mode
SHP-00063212,73843,15,True,transport_mode,retained highest-quality copy; conflict in transport_mode
SHP-00053072,26158,15,True,,exact duplicate; retained first source row
SHP-00053072,45591,15,False,,exact duplicate; retained first source row
SHP-00017099,26173,15,True,,exact duplicate; retained first source row
SHP-00017099,72990,15,False,,exact duplicate; retained first source row
SHP-00035602,26204,14,True,,exact duplicate; retained first source row
SHP-00035602,32478,14,False,,exact duplicate; retained first source row
SHP-00024788,26215,15,True,,exact duplicate; retained first source row
SHP-00024788,77627,15,False,,exact duplicate; retained first source row
SHP-00044745,26231,15,True,shipment_weight_kg,retained highest-quality copy; conflict in shipment_weight_kg
SHP-00044745,57348,7,False,shipment_weight_kg,retained highest-quality copy; conflict in shipment_weight_kg
SHP-00065301,26232,15,True,,exact duplicate; retained first source row
SHP-00065301,63439,15,False,,exact duplicate; retained first source row
SHP-00022877,26245,15,True,,exact duplicate; retained first source row
SHP-00022877,57305,15,False,,exact duplicate; retained first source row
SHP-00015026,26259,15,True,,exact duplicate; retained first source row
SHP-00015026,58277,15,False,,exact duplicate; retained first source row
SHP-00074721,26367,14,True,,exact duplicate; retained first source row
SHP-00074721,51417,14,False,,exact duplicate; retained first source row
SHP-00010308,26378,15,True,,exact duplicate; retained first source row
SHP-00010308,87757,15,False,,exact duplicate; retained first source row
SHP-00058771,26405,14,True,,exact duplicate; retained first source row
SHP-00058771,42976,14,False,,exact duplicate; retained first source row
SHP-00075129,26414,15,True,,exact duplicate; retained first source row
SHP-00075129,83093,15,False,,exact duplicate; retained first source row
SHP-00019001,26445,15,True,,exact duplicate; retained first source row
SHP-00019001,31614,15,False,,exact duplicate; retained first source row
SHP-00067987,26494,14,True,,exact duplicate; retained first source row
SHP-00067987,63775,14,False,,exact duplicate; retained first source row
SHP-00007512,26549,15,True,,exact duplicate; retained first source row
SHP-00007512,50015,15,False,,exact duplicate; retained first source row
SHP-00011868,26608,14,True,,exact duplicate; retained first source row
SHP-00011868,60268,14,False,,exact duplicate; retained first source row
SHP-00014724,26682,15,True,transport_mode,retained highest-quality copy; conflict in transport_mode
SHP-00014724,70426,13,False,transport_mode,retained highest-quality copy; conflict in transport_mode
SHP-00013250,26685,14,True,,exact duplicate; retained first source row
SHP-00013250,79599,14,False,,exact duplicate; retained first source row
SHP-00031848,26697,15,True,,exact duplicate; retained first source row
SHP-00031848,38445,15,False,,exact duplicate; retained first source row
SHP-00001907,26740,14,True,,exact duplicate; retained first source row
SHP-00001907,82028,14,False,,exact duplicate; retained first source row
SHP-00017611,26741,15,True,,exact duplicate; retained first source row
SHP-00017611,83435,15,False,,exact duplicate; retained first source row
SHP-00015738,26835,14,True,,exact duplicate; retained first source row
SHP-00015738,78387,14,False,,exact duplicate; retained first source row
SHP-00053995,26843,14,True,shipment_weight_kg,retained highest-quality copy; conflict in shipment_weight_kg
SHP-00053995,58011,6,False,shipment_weight_kg,retained highest-quality copy; conflict in shipment_weight_kg
SHP-00016088,26950,15,True,,exact duplicate; retained first source row
SHP-00016088,77758,15,False,,exact duplicate; retained first source row
SHP-00077121,26987,15,True,,exact duplicate; retained first source row
SHP-00077121,73076,15,False,,exact duplicate; retained first source row
SHP-00027479,27000,14,True,,exact duplicate; retained first source row
SHP-00027479,73218,14,False,,exact duplicate; retained first source row
SHP-00041975,27034,14,True,,exact duplicate; retained first source row
SHP-00041975,64623,14,False,,exact duplicate; retained first source row
SHP-00046628,27070,15,True,freight_cost_usd,retained highest-quality copy; conflict in freight_cost_usd
SHP-00046628,33000,11,False,freight_cost_usd,retained highest-quality copy; conflict in freight_cost_usd
SHP-00073550,27094,13,False,transport_mode,retained highest-quality copy; conflict in transport_mode
SHP-00073550,87307,15,True,transport_mode,retained highest-quality copy; conflict in transport_mode
SHP-00037607,27173,13,False,transport_mode,retained highest-quality copy; conflict in transport_mode
SHP-00037607,47650,15,True,transport_mode,retained highest-quality copy; conflict in transport_mode
SHP-00044867,27188,11,False,freight_cost_usd,retained highest-quality copy; conflict in freight_cost_usd
SHP-00044867,72011,15,True,freight_cost_usd,retained highest-quality copy; conflict in freight_cost_usd
SHP-00005880,27226,15,True,,exact duplicate; retained first source row
SHP-00005880,49964,15,False,,exact duplicate; retained first source row
SHP-00064576,27271,15,True,,exact duplicate; retained first source row
SHP-00064576,45725,15,False,,exact duplicate; retained first source row
SHP-00018860,27284,15,True,,exact duplicate; retained first source row
SHP-00018860,87041,15,False,,exact duplicate; retained first source row
SHP-00067240,27292,15,True,,exact duplicate; retained first source row
SHP-00067240,54306,15,False,,exact duplicate; retained first source row
SHP-00026624,27326,14,True,transport_mode,retained highest-quality copy; conflict in transport_mode
SHP-00026624,40337,12,False,transport_mode,retained highest-quality copy; conflict in transport_mode
SHP-00072049,27331,15,True,,exact duplicate; retained first source row
SHP-00072049,57792,15,False,,exact duplicate; retained first source row
SHP-00006081,27333,14,True,transport_mode,retained highest-quality copy; conflict in transport_mode
SHP-00006081,85090,12,False,transport_mode,retained highest-quality copy; conflict in transport_mode
SHP-00021937,27355,15,True,,exact duplicate; retained first source row
SHP-00021937,62603,15,False,,exact duplicate; retained first source row
SHP-00054195,27377,14,True,,exact duplicate; retained first source row
SHP-00054195,48924,14,False,,exact duplicate; retained first source row
SHP-00063846,27393,15,True,,exact duplicate; retained first source row
SHP-00063846,79019,15,False,,exact duplicate; retained first source row
SHP-00066749,27422,15,True,,exact duplicate; retained first source row
SHP-00066749,75615,15,False,,exact duplicate; retained first source row
SHP-00035747,27423,15,True,,exact duplicate; retained first source row
SHP-00035747,81623,15,False,,exact duplicate; retained first source row
SHP-00057795,27553,15,True,,exact duplicate; retained first source row
SHP-00057795,52455,15,False,,exact duplicate; retained first source row
SHP-00038603,27566,14,True,transport_mode,retained highest-quality copy; conflict in transport_mode
SHP-00038603,45845,12,False,transport_mode,retained highest-quality copy; conflict in transport_mode
SHP-00069716,27572,14,True,,exact duplicate; retained first source row
SHP-00069716,45896,14,False,,exact duplicate; retained first source row
SHP-00047628,27586,15,True,,exact duplicate; retained first source row
SHP-00047628,70726,15,False,,exact duplicate; retained first source row
SHP-00052844,27620,15,True,,exact duplicate; retained first source row
SHP-00052844,39866,15,False,,exact duplicate; retained first source row
SHP-00052673,27645,15,True,,exact duplicate; retained first source row
SHP-00052673,34988,15,False,,exact duplicate; retained first source row
SHP-00017880,27648,14,True,,exact duplicate; retained first source row
SHP-00017880,80668,14,False,,exact duplicate; retained first source row
SHP-00078550,27661,14,True,,exact duplicate; retained first source row
SHP-00078550,37192,14,False,,exact duplicate; retained first source row
SHP-00032369,27691,14,True,,exact duplicate; retained first source row
SHP-00032369,69270,14,False,,exact duplicate; retained first source row
SHP-00061762,27696,14,True,,exact duplicate; retained first source row
SHP-00061762,53051,14,False,,exact duplicate; retained first source row
SHP-00000868,27719,14,True,,exact duplicate; retained first source row
SHP-00000868,32185,14,False,,exact duplicate; retained first source row
SHP-00029917,27734,15,True,,exact duplicate; retained first source row
SHP-00029917,31913,15,False,,exact duplicate; retained first source row
SHP-00007443,27814,15,True,,exact duplicate; retained first source row
SHP-00007443,44367,15,False,,exact duplicate; retained first source row
SHP-00037254,27832,15,True,,exact duplicate; retained first source row
SHP-00037254,39395,15,False,,exact duplicate; retained first source row
SHP-00073727,27856,15,True,,exact duplicate; retained first source row
SHP-00073727,87465,15,False,,exact duplicate; retained first source row
SHP-00072868,27866,14,True,,exact duplicate; retained first source row
SHP-00072868,75735,14,False,,exact duplicate; retained first source row
SHP-00000933,27941,15,True,transport_mode,retained highest-quality copy; conflict in transport_mode
SHP-00000933,54935,13,False,transport_mode,retained highest-quality copy; conflict in transport_mode
SHP-00068509,27944,14,True,,exact duplicate; retained first source row
SHP-00068509,66483,14,False,,exact duplicate; retained first source row
SHP-00078882,27957,15,True,,exact duplicate; retained first source row
SHP-00078882,81870,15,False,,exact duplicate; retained first source row
SHP-00009646,27961,15,True,,exact duplicate; retained first source row
SHP-00009646,77175,15,False,,exact duplicate; retained first source row
SHP-00028940,27984,15,True,,exact duplicate; retained first source row
SHP-00028940,85675,15,False,,exact duplicate; retained first source row
SHP-00073085,28052,15,True,,exact duplicate; retained first source row
SHP-00073085,41024,15,False,,exact duplicate; retained first source row
SHP-00070509,28119,15,True,,exact duplicate; retained first source row
SHP-00070509,60749,15,False,,exact duplicate; retained first source row
SHP-00054444,28128,15,True,,exact duplicate; retained first source row
SHP-00054444,77753,15,False,,exact duplicate; retained first source row
SHP-00015239,28133,14,True,,exact duplicate; retained first source row
SHP-00015239,51060,14,False,,exact duplicate; retained first source row
SHP-00064621,28137,14,True,freight_cost_usd,retained highest-quality copy; conflict in freight_cost_usd
SHP-00064621,70799,10,False,freight_cost_usd,retained highest-quality copy; conflict in freight_cost_usd
SHP-00043653,28175,14,True,,exact duplicate; retained first source row
SHP-00043653,51196,14,False,,exact duplicate; retained first source row
SHP-00070858,28179,14,True,,exact duplicate; retained first source row
SHP-00070858,86915,14,False,,exact duplicate; retained first source row
SHP-00064205,28221,14,True,,exact duplicate; retained first source row
SHP-00064205,29950,14,False,,exact duplicate; retained first source row
SHP-00027915,28242,13,False,transport_mode,retained highest-quality copy; conflict in transport_mode
SHP-00027915,64563,15,True,transport_mode,retained highest-quality copy; conflict in transport_mode
SHP-00020235,28252,15,True,,exact duplicate; retained first source row
SHP-00020235,56530,15,False,,exact duplicate; retained first source row
SHP-00011504,28315,14,True,,exact duplicate; retained first source row
SHP-00011504,64882,14,False,,exact duplicate; retained first source row
SHP-00009008,28378,14,True,,exact duplicate; retained first source row
SHP-00009008,74173,14,False,,exact duplicate; retained first source row
SHP-00018709,28381,15,True,,exact duplicate; retained first source row
SHP-00018709,45340,15,False,,exact duplicate; retained first source row
SHP-00052297,28386,15,True,,exact duplicate; retained first source row
SHP-00052297,69670,15,False,,exact duplicate; retained first source row
SHP-00039747,28392,14,True,,exact duplicate; retained first source row
SHP-00039747,55386,14,False,,exact duplicate; retained first source row
SHP-00025022,28393,15,True,transport_mode,retained highest-quality copy; conflict in transport_mode
SHP-00025022,88519,13,False,transport_mode,retained highest-quality copy; conflict in transport_mode
SHP-00059004,28413,15,True,,exact duplicate; retained first source row
SHP-00059004,86445,15,False,,exact duplicate; retained first source row
SHP-00023670,28441,14,True,,exact duplicate; retained first source row
SHP-00023670,37599,14,False,,exact duplicate; retained first source row
SHP-00049718,28454,14,True,,exact duplicate; retained first source row
SHP-00049718,85505,14,False,,exact duplicate; retained first source row
SHP-00035267,28504,15,True,,exact duplicate; retained first source row
SHP-00035267,53303,15,False,,exact duplicate; retained first source row
SHP-00016072,28516,15,True,,exact duplicate; retained first source row
SHP-00016072,51828,15,False,,exact duplicate; retained first source row
SHP-00056389,28546,14,True,,exact duplicate; retained first source row
SHP-00056389,48712,14,False,,exact duplicate; retained first source row
SHP-00040098,28651,15,True,,exact duplicate; retained first source row
SHP-00040098,60079,15,False,,exact duplicate; retained first source row
SHP-00082539,28652,15,True,,exact duplicate; retained first source row
SHP-00082539,71621,15,False,,exact duplicate; retained first source row
SHP-00012686,28658,15,True,,exact duplicate; retained first source row
SHP-00012686,29973,15,False,,exact duplicate; retained first source row
SHP-00047018,28724,14,True,,exact duplicate; retained first source row
SHP-00047018,29671,14,False,,exact duplicate; retained first source row
SHP-00050637,28767,15,True,,exact duplicate; retained first source row
SHP-00050637,84817,15,False,,exact duplicate; retained first source row
SHP-00026120,28792,15,True,,exact duplicate; retained first source row
SHP-00026120,48464,15,False,,exact duplicate; retained first source row
SHP-00064532,28814,15,True,,exact duplicate; retained first source row
SHP-00064532,50893,15,False,,exact duplicate; retained first source row
SHP-00070069,28872,14,True,,exact duplicate; retained first source row
SHP-00070069,32692,14,False,,exact duplicate; retained first source row
SHP-00041307,28888,7,False,shipment_weight_kg,retained highest-quality copy; conflict in shipment_weight_kg
SHP-00041307,41590,15,True,shipment_weight_kg,retained highest-quality copy; conflict in shipment_weight_kg
SHP-00084474,28902,15,True,,exact duplicate; retained first source row
SHP-00084474,34827,15,False,,exact duplicate; retained first source row
SHP-00085663,28918,15,True,,exact duplicate; retained first source row
SHP-00085663,41913,15,False,,exact duplicate; retained first source row
SHP-00080631,28923,15,True,,exact duplicate; retained first source row
SHP-00080631,68400,15,False,,exact duplicate; retained first source row
SHP-00049415,28961,14,True,,exact duplicate; retained first source row
SHP-00049415,60583,14,False,,exact duplicate; retained first source row
SHP-00014329,28974,15,True,,exact duplicate; retained first source row
SHP-00014329,45775,15,False,,exact duplicate; retained first source row
SHP-00072004,28975,15,True,freight_cost_usd,retained highest-quality copy; conflict in freight_cost_usd
SHP-00072004,61368,11,False,freight_cost_usd,retained highest-quality copy; conflict in freight_cost_usd
SHP-00068288,28984,15,True,,exact duplicate; retained first source row
SHP-00068288,68939,15,False,,exact duplicate; retained first source row
SHP-00062199,28985,15,True,,exact duplicate; retained first source row
SHP-00062199,67091,15,False,,exact duplicate; retained first source row
SHP-00076948,29007,14,True,,exact duplicate; retained first source row
SHP-00076948,37532,14,False,,exact duplicate; retained first source row
SHP-00008948,29058,14,True,,exact duplicate; retained first source row
SHP-00008948,85658,14,False,,exact duplicate; retained first source row
SHP-00071800,29087,14,True,,exact duplicate; retained first source row
SHP-00071800,78313,14,False,,exact duplicate; retained first source row
SHP-00059535,29103,15,True,,exact duplicate; retained first source row
SHP-00059535,44368,15,False,,exact duplicate; retained first source row
SHP-00056332,29191,15,True,transport_mode,retained highest-quality copy; conflict in transport_mode
SHP-00056332,43555,13,False,transport_mode,retained highest-quality copy; conflict in transport_mode
SHP-00067553,29229,15,True,,exact duplicate; retained first source row
SHP-00067553,60580,15,False,,exact duplicate; retained first source row
SHP-00012302,29281,15,True,,exact duplicate; retained first source row
SHP-00012302,82548,15,False,,exact duplicate; retained first source row
SHP-00038941,29293,15,True,,exact duplicate; retained first source row
SHP-00038941,42776,15,False,,exact duplicate; retained first source row
SHP-00035060,29307,15,True,,exact duplicate; retained first source row
SHP-00035060,52147,15,False,,exact duplicate; retained first source row
SHP-00014125,29338,15,True,,exact duplicate; retained first source row
SHP-00014125,72825,15,False,,exact duplicate; retained first source row
SHP-00026559,29361,15,True,,exact duplicate; retained first source row
SHP-00026559,54989,15,False,,exact duplicate; retained first source row
SHP-00014292,29364,15,True,,exact duplicate; retained first source row
SHP-00014292,83010,15,False,,exact duplicate; retained first source row
SHP-00054823,29384,14,True,,exact duplicate; retained first source row
SHP-00054823,79852,14,False,,exact duplicate; retained first source row
SHP-00070230,29409,15,True,,exact duplicate; retained first source row
SHP-00070230,82060,15,False,,exact duplicate; retained first source row
SHP-00032295,29450,15,True,,exact duplicate; retained first source row
SHP-00032295,50678,15,False,,exact duplicate; retained first source row
SHP-00058488,29474,15,True,,exact duplicate; retained first source row
SHP-00058488,78376,15,False,,exact duplicate; retained first source row
SHP-00052072,29482,14,True,,exact duplicate; retained first source row
SHP-00052072,67821,14,False,,exact duplicate; retained first source row
SHP-00045527,29520,15,True,,exact duplicate; retained first source row
SHP-00045527,74545,15,False,,exact duplicate; retained first source row
SHP-00076599,29554,14,True,transport_mode,retained highest-quality copy; conflict in transport_mode
SHP-00076599,61981,12,False,transport_mode,retained highest-quality copy; conflict in transport_mode
SHP-00027665,29558,15,True,,exact duplicate; retained first source row
SHP-00027665,43758,15,False,,exact duplicate; retained first source row
SHP-00007423,29579,15,True,,exact duplicate; retained first source row
SHP-00007423,46086,15,False,,exact duplicate; retained first source row
SHP-00006619,29641,15,True,,exact duplicate; retained first source row
SHP-00006619,43202,15,False,,exact duplicate; retained first source row
SHP-00011533,29645,15,True,,exact duplicate; retained first source row
SHP-00011533,47493,15,False,,exact duplicate; retained first source row
SHP-00045866,29690,14,True,,exact duplicate; retained first source row
SHP-00045866,87676,14,False,,exact duplicate; retained first source row
SHP-00017788,29737,14,True,,exact duplicate; retained first source row
SHP-00017788,67716,14,False,,exact duplicate; retained first source row
SHP-00008541,29750,15,True,,exact duplicate; retained first source row
SHP-00008541,72075,15,False,,exact duplicate; retained first source row
SHP-00023516,29776,15,True,,exact duplicate; retained first source row
SHP-00023516,81174,15,False,,exact duplicate; retained first source row
SHP-00057724,29830,15,True,,exact duplicate; retained first source row
SHP-00057724,41894,15,False,,exact duplicate; retained first source row
SHP-00005555,29864,15,True,,exact duplicate; retained first source row
SHP-00005555,30887,15,False,,exact duplicate; retained first source row
SHP-00059871,29881,14,True,,exact duplicate; retained first source row
SHP-00059871,61924,14,False,,exact duplicate; retained first source row
SHP-00035838,29949,15,True,,exact duplicate; retained first source row
SHP-00035838,31200,15,False,,exact duplicate; retained first source row
SHP-00008157,29990,15,True,,exact duplicate; retained first source row
SHP-00008157,72956,15,False,,exact duplicate; retained first source row
SHP-00081056,30013,14,True,,exact duplicate; retained first source row
SHP-00081056,69702,14,False,,exact duplicate; retained first source row
SHP-00052323,30083,14,True,,exact duplicate; retained first source row
SHP-00052323,74442,14,False,,exact duplicate; retained first source row
SHP-00083800,30139,15,True,,exact duplicate; retained first source row
SHP-00083800,64725,15,False,,exact duplicate; retained first source row
SHP-00062009,30144,14,True,,exact duplicate; retained first source row
SHP-00062009,36074,14,False,,exact duplicate; retained first source row
SHP-00045516,30152,15,True,,exact duplicate; retained first source row
SHP-00045516,78061,15,False,,exact duplicate; retained first source row
SHP-00085006,30163,15,True,,exact duplicate; retained first source row
SHP-00085006,86560,15,False,,exact duplicate; retained first source row
SHP-00043828,30168,15,True,,exact duplicate; retained first source row
SHP-00043828,68321,15,False,,exact duplicate; retained first source row
SHP-00082252,30205,15,True,,exact duplicate; retained first source row
SHP-00082252,32141,15,False,,exact duplicate; retained first source row
SHP-00013024,30207,15,True,,exact duplicate; retained first source row
SHP-00013024,74231,15,False,,exact duplicate; retained first source row
SHP-00019846,30224,15,True,,exact duplicate; retained first source row
SHP-00019846,66026,15,False,,exact duplicate; retained first source row
SHP-00041490,30249,15,True,,exact duplicate; retained first source row
SHP-00041490,74236,15,False,,exact duplicate; retained first source row
SHP-00080882,30291,15,True,,exact duplicate; retained first source row
SHP-00080882,68225,15,False,,exact duplicate; retained first source row
SHP-00053617,30347,14,True,,exact duplicate; retained first source row
SHP-00053617,52927,14,False,,exact duplicate; retained first source row
SHP-00053125,30357,14,True,,exact duplicate; retained first source row
SHP-00053125,47851,14,False,,exact duplicate; retained first source row
SHP-00076219,30448,15,True,,exact duplicate; retained first source row
SHP-00076219,85178,15,False,,exact duplicate; retained first source row
SHP-00028095,30457,14,True,,exact duplicate; retained first source row
SHP-00028095,41171,14,False,,exact duplicate; retained first source row
SHP-00051395,30518,15,True,,exact duplicate; retained first source row
SHP-00051395,40203,15,False,,exact duplicate; retained first source row
SHP-00050951,30527,15,True,,exact duplicate; retained first source row
SHP-00050951,46263,15,False,,exact duplicate; retained first source row
SHP-00084100,30588,15,True,,exact duplicate; retained first source row
SHP-00084100,38334,15,False,,exact duplicate; retained first source row
SHP-00069340,30617,15,True,,exact duplicate; retained first source row
SHP-00069340,72158,15,False,,exact duplicate; retained first source row
SHP-00066220,30719,7,False,shipment_weight_kg,retained highest-quality copy; conflict in shipment_weight_kg
SHP-00066220,38120,15,True,shipment_weight_kg,retained highest-quality copy; conflict in shipment_weight_kg
SHP-00013599,30729,14,True,,exact duplicate; retained first source row
SHP-00013599,52142,14,False,,exact duplicate; retained first source row
SHP-00015276,30741,15,True,,exact duplicate; retained first source row
SHP-00015276,34688,15,False,,exact duplicate; retained first source row
SHP-00013059,30750,15,True,,exact duplicate; retained first source row
SHP-00013059,48134,15,False,,exact duplicate; retained first source row
SHP-00085586,30775,15,True,,exact duplicate; retained first source row
SHP-00085586,36063,15,False,,exact duplicate; retained first source row
SHP-00039625,30807,15,True,,exact duplicate; retained first source row
SHP-00039625,35798,15,False,,exact duplicate; retained first source row
SHP-00016499,30856,14,True,,exact duplicate; retained first source row
SHP-00016499,70507,14,False,,exact duplicate; retained first source row
SHP-00025438,30882,14,True,,exact duplicate; retained first source row
SHP-00025438,64614,14,False,,exact duplicate; retained first source row
SHP-00023304,30893,15,True,,exact duplicate; retained first source row
SHP-00023304,77433,15,False,,exact duplicate; retained first source row
SHP-00075593,31000,15,True,,exact duplicate; retained first source row
SHP-00075593,38804,15,False,,exact duplicate; retained first source row
SHP-00057582,31022,15,True,,exact duplicate; retained first source row
SHP-00057582,36803,15,False,,exact duplicate; retained first source row
SHP-00047844,31039,14,True,,exact duplicate; retained first source row
SHP-00047844,84802,14,False,,exact duplicate; retained first source row
SHP-00019214,31040,15,True,transport_mode,retained highest-quality copy; conflict in transport_mode
SHP-00019214,76143,13,False,transport_mode,retained highest-quality copy; conflict in transport_mode
SHP-00027713,31051,15,True,,exact duplicate; retained first source row
SHP-00027713,55718,15,False,,exact duplicate; retained first source row
SHP-00025714,31095,15,True,,exact duplicate; retained first source row
SHP-00025714,53071,15,False,,exact duplicate; retained first source row
SHP-00018982,31142,15,True,,exact duplicate; retained first source row
SHP-00018982,58176,15,False,,exact duplicate; retained first source row
SHP-00026555,31154,15,True,,exact duplicate; retained first source row
SHP-00026555,35199,15,False,,exact duplicate; retained first source row
SHP-00070827,31183,14,True,,exact duplicate; retained first source row
SHP-00070827,83838,14,False,,exact duplicate; retained first source row
SHP-00054012,31278,15,True,,exact duplicate; retained first source row
SHP-00054012,44875,15,False,,exact duplicate; retained first source row
SHP-00016494,31427,15,True,,exact duplicate; retained first source row
SHP-00016494,51837,15,False,,exact duplicate; retained first source row
SHP-00012626,31469,14,True,,exact duplicate; retained first source row
SHP-00012626,77065,14,False,,exact duplicate; retained first source row
SHP-00037709,31474,15,True,,exact duplicate; retained first source row
SHP-00037709,68651,15,False,,exact duplicate; retained first source row
SHP-00019472,31475,14,True,,exact duplicate; retained first source row
SHP-00019472,59620,14,False,,exact duplicate; retained first source row
SHP-00063512,31494,15,True,,exact duplicate; retained first source row
SHP-00063512,61479,15,False,,exact duplicate; retained first source row
SHP-00084953,31512,15,True,,exact duplicate; retained first source row
SHP-00084953,32899,15,False,,exact duplicate; retained first source row
SHP-00034055,31540,14,True,,exact duplicate; retained first source row
SHP-00034055,56094,14,False,,exact duplicate; retained first source row
SHP-00030770,31568,14,True,,exact duplicate; retained first source row
SHP-00030770,42354,14,False,,exact duplicate; retained first source row
SHP-00049761,31577,15,True,,exact duplicate; retained first source row
SHP-00049761,87284,15,False,,exact duplicate; retained first source row
SHP-00059157,31612,14,True,,exact duplicate; retained first source row
SHP-00059157,49876,14,False,,exact duplicate; retained first source row
SHP-00058911,31620,14,True,,exact duplicate; retained first source row
SHP-00058911,81758,14,False,,exact duplicate; retained first source row
SHP-00084321,31635,15,True,,exact duplicate; retained first source row
SHP-00084321,80234,15,False,,exact duplicate; retained first source row
SHP-00009865,31646,15,True,,exact duplicate; retained first source row
SHP-00009865,40269,15,False,,exact duplicate; retained first source row
SHP-00002902,31690,14,True,,exact duplicate; retained first source row
SHP-00002902,66046,14,False,,exact duplicate; retained first source row
SHP-00084856,31693,15,True,,exact duplicate; retained first source row
SHP-00084856,67137,15,False,,exact duplicate; retained first source row
SHP-00028369,31705,15,True,,exact duplicate; retained first source row
SHP-00028369,40629,15,False,,exact duplicate; retained first source row
SHP-00062042,31727,15,True,,exact duplicate; retained first source row
SHP-00062042,80849,15,False,,exact duplicate; retained first source row
SHP-00033300,31748,15,True,,exact duplicate; retained first source row
SHP-00033300,63873,15,False,,exact duplicate; retained first source row
SHP-00006893,31764,15,True,,exact duplicate; retained first source row
SHP-00006893,73678,15,False,,exact duplicate; retained first source row
SHP-00047827,31776,15,True,transport_mode,retained highest-quality copy; conflict in transport_mode
SHP-00047827,76362,13,False,transport_mode,retained highest-quality copy; conflict in transport_mode
SHP-00032540,31836,14,True,,exact duplicate; retained first source row
SHP-00032540,83054,14,False,,exact duplicate; retained first source row
SHP-00050987,31893,15,True,,exact duplicate; retained first source row
SHP-00050987,63830,15,False,,exact duplicate; retained first source row
SHP-00007837,31926,12,False,transport_mode,retained highest-quality copy; conflict in transport_mode
SHP-00007837,70608,14,True,transport_mode,retained highest-quality copy; conflict in transport_mode
SHP-00055492,31962,15,True,,exact duplicate; retained first source row
SHP-00055492,44455,15,False,,exact duplicate; retained first source row
SHP-00015839,32004,14,True,,exact duplicate; retained first source row
SHP-00015839,35275,14,False,,exact duplicate; retained first source row
SHP-00050620,32039,15,True,,exact duplicate; retained first source row
SHP-00050620,83789,15,False,,exact duplicate; retained first source row
SHP-00078811,32043,15,True,,exact duplicate; retained first source row
SHP-00078811,37916,15,False,,exact duplicate; retained first source row
SHP-00044724,32067,15,True,,exact duplicate; retained first source row
SHP-00044724,81422,15,False,,exact duplicate; retained first source row
SHP-00004703,32174,14,True,,exact duplicate; retained first source row
SHP-00004703,44354,14,False,,exact duplicate; retained first source row
SHP-00038225,32183,14,True,,exact duplicate; retained first source row
SHP-00038225,36881,14,False,,exact duplicate; retained first source row
SHP-00046240,32210,14,True,,exact duplicate; retained first source row
SHP-00046240,52724,14,False,,exact duplicate; retained first source row
SHP-00039194,32220,15,True,,exact duplicate; retained first source row
SHP-00039194,85874,15,False,,exact duplicate; retained first source row
SHP-00030500,32226,15,True,,exact duplicate; retained first source row
SHP-00030500,52200,15,False,,exact duplicate; retained first source row
SHP-00037218,32241,14,True,,exact duplicate; retained first source row
SHP-00037218,64252,14,False,,exact duplicate; retained first source row
SHP-00040532,32271,15,True,,exact duplicate; retained first source row
SHP-00040532,75619,15,False,,exact duplicate; retained first source row
SHP-00052180,32305,15,True,,exact duplicate; retained first source row
SHP-00052180,55623,15,False,,exact duplicate; retained first source row
SHP-00033574,32362,14,True,,exact duplicate; retained first source row
SHP-00033574,63275,14,False,,exact duplicate; retained first source row
SHP-00057371,32393,15,True,,exact duplicate; retained first source row
SHP-00057371,61630,15,False,,exact duplicate; retained first source row
SHP-00082947,32409,14,True,,exact duplicate; retained first source row
SHP-00082947,85156,14,False,,exact duplicate; retained first source row
SHP-00062832,32505,15,True,,exact duplicate; retained first source row
SHP-00062832,62949,15,False,,exact duplicate; retained first source row
SHP-00085036,32506,15,True,,exact duplicate; retained first source row
SHP-00085036,40894,15,False,,exact duplicate; retained first source row
SHP-00023541,32514,15,True,,exact duplicate; retained first source row
SHP-00023541,55703,15,False,,exact duplicate; retained first source row
SHP-00080414,32523,14,True,,exact duplicate; retained first source row
SHP-00080414,35917,14,False,,exact duplicate; retained first source row
SHP-00023956,32545,15,True,,exact duplicate; retained first source row
SHP-00023956,51201,15,False,,exact duplicate; retained first source row
SHP-00000210,32705,15,True,,exact duplicate; retained first source row
SHP-00000210,65968,15,False,,exact duplicate; retained first source row
SHP-00032831,32736,15,True,,exact duplicate; retained first source row
SHP-00032831,57023,15,False,,exact duplicate; retained first source row
SHP-00008880,32745,14,True,,exact duplicate; retained first source row
SHP-00008880,41408,14,False,,exact duplicate; retained first source row
SHP-00056323,32803,15,True,,exact duplicate; retained first source row
SHP-00056323,35982,15,False,,exact duplicate; retained first source row
SHP-00081545,32851,15,True,,exact duplicate; retained first source row
SHP-00081545,74174,15,False,,exact duplicate; retained first source row
SHP-00042079,32855,15,True,,exact duplicate; retained first source row
SHP-00042079,45807,15,False,,exact duplicate; retained first source row
SHP-00000146,32871,15,True,,exact duplicate; retained first source row
SHP-00000146,70156,15,False,,exact duplicate; retained first source row
SHP-00040407,32909,14,True,,exact duplicate; retained first source row
SHP-00040407,62305,14,False,,exact duplicate; retained first source row
SHP-00065211,32941,15,True,,exact duplicate; retained first source row
SHP-00065211,88189,15,False,,exact duplicate; retained first source row
SHP-00021409,32969,15,True,,exact duplicate; retained first source row
SHP-00021409,47555,15,False,,exact duplicate; retained first source row
SHP-00021885,33146,14,True,,exact duplicate; retained first source row
SHP-00021885,78952,14,False,,exact duplicate; retained first source row
SHP-00012704,33162,11,False,freight_cost_usd,retained highest-quality copy; conflict in freight_cost_usd
SHP-00012704,48002,15,True,freight_cost_usd,retained highest-quality copy; conflict in freight_cost_usd
SHP-00009211,33173,15,True,,exact duplicate; retained first source row
SHP-00009211,42612,15,False,,exact duplicate; retained first source row
SHP-00002252,33222,14,True,,exact duplicate; retained first source row
SHP-00002252,72053,14,False,,exact duplicate; retained first source row
SHP-00015925,33241,15,True,,exact duplicate; retained first source row
SHP-00015925,86012,15,False,,exact duplicate; retained first source row
SHP-00076097,33242,15,True,,exact duplicate; retained first source row
SHP-00076097,56112,15,False,,exact duplicate; retained first source row
SHP-00007178,33244,15,True,,exact duplicate; retained first source row
SHP-00007178,78856,15,False,,exact duplicate; retained first source row
SHP-00040584,33276,14,True,,exact duplicate; retained first source row
SHP-00040584,77238,14,False,,exact duplicate; retained first source row
SHP-00030535,33326,15,True,,exact duplicate; retained first source row
SHP-00030535,55976,15,False,,exact duplicate; retained first source row
SHP-00061084,33342,15,True,,exact duplicate; retained first source row
SHP-00061084,74097,15,False,,exact duplicate; retained first source row
SHP-00074297,33375,15,True,,exact duplicate; retained first source row
SHP-00074297,55483,15,False,,exact duplicate; retained first source row
SHP-00081098,33379,14,True,,exact duplicate; retained first source row
SHP-00081098,40844,14,False,,exact duplicate; retained first source row
SHP-00060081,33417,11,False,freight_cost_usd,retained highest-quality copy; conflict in freight_cost_usd
SHP-00060081,41068,15,True,freight_cost_usd,retained highest-quality copy; conflict in freight_cost_usd
SHP-00025033,33433,14,True,,exact duplicate; retained first source row
SHP-00025033,77181,14,False,,exact duplicate; retained first source row
SHP-00064734,33541,14,True,,exact duplicate; retained first source row
SHP-00064734,88071,14,False,,exact duplicate; retained first source row
SHP-00001475,33573,15,True,,exact duplicate; retained first source row
SHP-00001475,71497,15,False,,exact duplicate; retained first source row
SHP-00066567,33642,14,True,,exact duplicate; retained first source row
SHP-00066567,58167,14,False,,exact duplicate; retained first source row
SHP-00034478,33665,15,True,,exact duplicate; retained first source row
SHP-00034478,50959,15,False,,exact duplicate; retained first source row
SHP-00004720,33685,15,True,,exact duplicate; retained first source row
SHP-00004720,87967,15,False,,exact duplicate; retained first source row
SHP-00070797,33731,15,True,,exact duplicate; retained first source row
SHP-00070797,84082,15,False,,exact duplicate; retained first source row
SHP-00061159,33735,14,True,,exact duplicate; retained first source row
SHP-00061159,55614,14,False,,exact duplicate; retained first source row
SHP-00059957,33761,14,True,,exact duplicate; retained first source row
SHP-00059957,84988,14,False,,exact duplicate; retained first source row
SHP-00082369,33767,15,True,,exact duplicate; retained first source row
SHP-00082369,40141,15,False,,exact duplicate; retained first source row
SHP-00057126,33779,15,True,,exact duplicate; retained first source row
SHP-00057126,66535,15,False,,exact duplicate; retained first source row
SHP-00028057,33785,15,True,,exact duplicate; retained first source row
SHP-00028057,59315,15,False,,exact duplicate; retained first source row
SHP-00009688,33803,15,True,,exact duplicate; retained first source row
SHP-00009688,38620,15,False,,exact duplicate; retained first source row
SHP-00053619,33838,14,True,,exact duplicate; retained first source row
SHP-00053619,46165,14,False,,exact duplicate; retained first source row
SHP-00036893,33877,15,True,,exact duplicate; retained first source row
SHP-00036893,53661,15,False,,exact duplicate; retained first source row
SHP-00023477,33881,14,True,,exact duplicate; retained first source row
SHP-00023477,49117,14,False,,exact duplicate; retained first source row
SHP-00042304,33886,15,True,,exact duplicate; retained first source row
SHP-00042304,55946,15,False,,exact duplicate; retained first source row
SHP-00015777,33933,15,True,,exact duplicate; retained first source row
SHP-00015777,72703,15,False,,exact duplicate; retained first source row
SHP-00036414,33984,14,True,,exact duplicate; retained first source row
SHP-00036414,46051,14,False,,exact duplicate; retained first source row
SHP-00005648,33994,15,True,,exact duplicate; retained first source row
SHP-00005648,65223,15,False,,exact duplicate; retained first source row
SHP-00081097,34022,15,True,,exact duplicate; retained first source row
SHP-00081097,66691,15,False,,exact duplicate; retained first source row
SHP-00078397,34025,15,True,,exact duplicate; retained first source row
SHP-00078397,75796,15,False,,exact duplicate; retained first source row
SHP-00026519,34031,14,True,,exact duplicate; retained first source row
SHP-00026519,56001,14,False,,exact duplicate; retained first source row
SHP-00028509,34050,15,True,,exact duplicate; retained first source row
SHP-00028509,72313,15,False,,exact duplicate; retained first source row
SHP-00075824,34068,15,True,,exact duplicate; retained first source row
SHP-00075824,47660,15,False,,exact duplicate; retained first source row
SHP-00014746,34105,15,True,,exact duplicate; retained first source row
SHP-00014746,61708,15,False,,exact duplicate; retained first source row
SHP-00043930,34115,15,True,,exact duplicate; retained first source row
SHP-00043930,48872,15,False,,exact duplicate; retained first source row
SHP-00009843,34136,14,True,,exact duplicate; retained first source row
SHP-00009843,49930,14,False,,exact duplicate; retained first source row
SHP-00079876,34169,15,True,,exact duplicate; retained first source row
SHP-00079876,71575,15,False,,exact duplicate; retained first source row
SHP-00042855,34200,14,True,,exact duplicate; retained first source row
SHP-00042855,46805,14,False,,exact duplicate; retained first source row
SHP-00074130,34211,14,True,shipment_weight_kg,retained highest-quality copy; conflict in shipment_weight_kg
SHP-00074130,62090,6,False,shipment_weight_kg,retained highest-quality copy; conflict in shipment_weight_kg
SHP-00003213,34217,15,True,,exact duplicate; retained first source row
SHP-00003213,69332,15,False,,exact duplicate; retained first source row
SHP-00046441,34254,6,False,shipment_weight_kg,retained highest-quality copy; conflict in shipment_weight_kg
SHP-00046441,42218,14,True,shipment_weight_kg,retained highest-quality copy; conflict in shipment_weight_kg
SHP-00030704,34270,15,True,,exact duplicate; retained first source row
SHP-00030704,65661,15,False,,exact duplicate; retained first source row
SHP-00058267,34308,15,True,,exact duplicate; retained first source row
SHP-00058267,71838,15,False,,exact duplicate; retained first source row
SHP-00005169,34321,15,True,,exact duplicate; retained first source row
SHP-00005169,71557,15,False,,exact duplicate; retained first source row
SHP-00082918,34352,15,True,,exact duplicate; retained first source row
SHP-00082918,39607,15,False,,exact duplicate; retained first source row
SHP-00052782,34374,15,True,,exact duplicate; retained first source row
SHP-00052782,74419,15,False,,exact duplicate; retained first source row
SHP-00035371,34401,15,True,,exact duplicate; retained first source row
SHP-00035371,39732,15,False,,exact duplicate; retained first source row
SHP-00009744,34428,15,True,,exact duplicate; retained first source row
SHP-00009744,66515,15,False,,exact duplicate; retained first source row
SHP-00024773,34429,15,True,,exact duplicate; retained first source row
SHP-00024773,44823,15,False,,exact duplicate; retained first source row
SHP-00000813,34453,15,True,,exact duplicate; retained first source row
SHP-00000813,39038,15,False,,exact duplicate; retained first source row
SHP-00055875,34537,15,True,,exact duplicate; retained first source row
SHP-00055875,42035,15,False,,exact duplicate; retained first source row
SHP-00058302,34546,15,True,,exact duplicate; retained first source row
SHP-00058302,62924,15,False,,exact duplicate; retained first source row
SHP-00083399,34664,15,True,,exact duplicate; retained first source row
SHP-00083399,88346,15,False,,exact duplicate; retained first source row
SHP-00060018,34667,15,True,,exact duplicate; retained first source row
SHP-00060018,52713,15,False,,exact duplicate; retained first source row
SHP-00082581,34718,15,True,,exact duplicate; retained first source row
SHP-00082581,73657,15,False,,exact duplicate; retained first source row
SHP-00079121,34763,15,True,,exact duplicate; retained first source row
SHP-00079121,85452,15,False,,exact duplicate; retained first source row
SHP-00082163,34833,14,True,,exact duplicate; retained first source row
SHP-00082163,80826,14,False,,exact duplicate; retained first source row
SHP-00072117,34860,14,True,,exact duplicate; retained first source row
SHP-00072117,77099,14,False,,exact duplicate; retained first source row
SHP-00060442,34864,14,True,,exact duplicate; retained first source row
SHP-00060442,71428,14,False,,exact duplicate; retained first source row
SHP-00004130,34877,15,True,shipment_weight_kg,retained highest-quality copy; conflict in shipment_weight_kg
SHP-00004130,64389,7,False,shipment_weight_kg,retained highest-quality copy; conflict in shipment_weight_kg
SHP-00059675,34888,6,False,shipment_weight_kg,retained highest-quality copy; conflict in shipment_weight_kg
SHP-00059675,48688,14,True,shipment_weight_kg,retained highest-quality copy; conflict in shipment_weight_kg
SHP-00081965,34931,14,True,,exact duplicate; retained first source row
SHP-00081965,79693,14,False,,exact duplicate; retained first source row
SHP-00051576,34951,15,True,,exact duplicate; retained first source row
SHP-00051576,56664,15,False,,exact duplicate; retained first source row
SHP-00017123,34954,15,True,,exact duplicate; retained first source row
SHP-00017123,74276,15,False,,exact duplicate; retained first source row
SHP-00000188,34970,14,True,,exact duplicate; retained first source row
SHP-00000188,84755,14,False,,exact duplicate; retained first source row
SHP-00075443,34971,15,True,,exact duplicate; retained first source row
SHP-00075443,57566,15,False,,exact duplicate; retained first source row
SHP-00010559,35010,7,False,shipment_weight_kg,retained highest-quality copy; conflict in shipment_weight_kg
SHP-00010559,67029,15,True,shipment_weight_kg,retained highest-quality copy; conflict in shipment_weight_kg
SHP-00027183,35023,14,True,,exact duplicate; retained first source row
SHP-00027183,82893,14,False,,exact duplicate; retained first source row
SHP-00007845,35025,7,False,shipment_weight_kg,retained highest-quality copy; conflict in shipment_weight_kg
SHP-00007845,66705,15,True,shipment_weight_kg,retained highest-quality copy; conflict in shipment_weight_kg
SHP-00075981,35055,15,True,,exact duplicate; retained first source row
SHP-00075981,80804,15,False,,exact duplicate; retained first source row
SHP-00019646,35071,15,True,,exact duplicate; retained first source row
SHP-00019646,72440,15,False,,exact duplicate; retained first source row
SHP-00010806,35088,15,True,,exact duplicate; retained first source row
SHP-00010806,60788,15,False,,exact duplicate; retained first source row
SHP-00023697,35113,14,True,,exact duplicate; retained first source row
SHP-00023697,50980,14,False,,exact duplicate; retained first source row
SHP-00015893,35217,15,True,,exact duplicate; retained first source row
SHP-00015893,49312,15,False,,exact duplicate; retained first source row
SHP-00062631,35264,14,True,,exact duplicate; retained first source row
SHP-00062631,86354,14,False,,exact duplicate; retained first source row
SHP-00034968,35344,14,True,,exact duplicate; retained first source row
SHP-00034968,71863,14,False,,exact duplicate; retained first source row
SHP-00082154,35347,15,True,,exact duplicate; retained first source row
SHP-00082154,83436,15,False,,exact duplicate; retained first source row
SHP-00022435,35415,15,True,,exact duplicate; retained first source row
SHP-00022435,63984,15,False,,exact duplicate; retained first source row
SHP-00052336,35417,15,True,,exact duplicate; retained first source row
SHP-00052336,70006,15,False,,exact duplicate; retained first source row
SHP-00052318,35471,15,True,,exact duplicate; retained first source row
SHP-00052318,37558,15,False,,exact duplicate; retained first source row
SHP-00004689,35480,15,True,,exact duplicate; retained first source row
SHP-00004689,55953,15,False,,exact duplicate; retained first source row
SHP-00000825,35482,15,True,,exact duplicate; retained first source row
SHP-00000825,62857,15,False,,exact duplicate; retained first source row
SHP-00052819,35500,15,True,,exact duplicate; retained first source row
SHP-00052819,37576,15,False,,exact duplicate; retained first source row
SHP-00043499,35531,15,True,,exact duplicate; retained first source row
SHP-00043499,56140,15,False,,exact duplicate; retained first source row
SHP-00020739,35543,13,False,transport_mode,retained highest-quality copy; conflict in transport_mode
SHP-00020739,38369,15,True,transport_mode,retained highest-quality copy; conflict in transport_mode
SHP-00019035,35548,15,True,,exact duplicate; retained first source row
SHP-00019035,71701,15,False,,exact duplicate; retained first source row
SHP-00026537,35620,15,True,,exact duplicate; retained first source row
SHP-00026537,75234,15,False,,exact duplicate; retained first source row
SHP-00038094,35640,15,True,,exact duplicate; retained first source row
SHP-00038094,70681,15,False,,exact duplicate; retained first source row
SHP-00020864,35722,15,True,,exact duplicate; retained first source row
SHP-00020864,48828,15,False,,exact duplicate; retained first source row
SHP-00008020,35728,15,True,,exact duplicate; retained first source row
SHP-00008020,84776,15,False,,exact duplicate; retained first source row
SHP-00048938,35776,14,True,,exact duplicate; retained first source row
SHP-00048938,67234,14,False,,exact duplicate; retained first source row
SHP-00026633,35803,15,True,,exact duplicate; retained first source row
SHP-00026633,49849,15,False,,exact duplicate; retained first source row
SHP-00015686,35862,15,True,,exact duplicate; retained first source row
SHP-00015686,80916,15,False,,exact duplicate; retained first source row
SHP-00007953,35897,15,True,,exact duplicate; retained first source row
SHP-00007953,55867,15,False,,exact duplicate; retained first source row
SHP-00062928,35909,15,True,,exact duplicate; retained first source row
SHP-00062928,36191,15,False,,exact duplicate; retained first source row
SHP-00057033,35952,15,True,,exact duplicate; retained first source row
SHP-00057033,51972,15,False,,exact duplicate; retained first source row
SHP-00063206,36014,15,True,,exact duplicate; retained first source row
SHP-00063206,76314,15,False,,exact duplicate; retained first source row
SHP-00083451,36076,15,True,,exact duplicate; retained first source row
SHP-00083451,49607,15,False,,exact duplicate; retained first source row
SHP-00039836,36175,14,True,,exact duplicate; retained first source row
SHP-00039836,45301,14,False,,exact duplicate; retained first source row
SHP-00053224,36182,14,True,transport_mode,retained highest-quality copy; conflict in transport_mode
SHP-00053224,52321,12,False,transport_mode,retained highest-quality copy; conflict in transport_mode
SHP-00067510,36200,15,True,,exact duplicate; retained first source row
SHP-00067510,42028,15,False,,exact duplicate; retained first source row
SHP-00082294,36244,15,True,freight_cost_usd,retained highest-quality copy; conflict in freight_cost_usd
SHP-00082294,52763,11,False,freight_cost_usd,retained highest-quality copy; conflict in freight_cost_usd
SHP-00020666,36260,14,True,,exact duplicate; retained first source row
SHP-00020666,72905,14,False,,exact duplicate; retained first source row
SHP-00047547,36295,15,True,,exact duplicate; retained first source row
SHP-00047547,56184,15,False,,exact duplicate; retained first source row
SHP-00017115,36297,11,False,freight_cost_usd,retained highest-quality copy; conflict in freight_cost_usd
SHP-00017115,52052,15,True,freight_cost_usd,retained highest-quality copy; conflict in freight_cost_usd
SHP-00055565,36323,14,True,,exact duplicate; retained first source row
SHP-00055565,67145,14,False,,exact duplicate; retained first source row
SHP-00010457,36394,15,True,,exact duplicate; retained first source row
SHP-00010457,39587,15,False,,exact duplicate; retained first source row
SHP-00084039,36483,15,True,,exact duplicate; retained first source row
SHP-00084039,57899,15,False,,exact duplicate; retained first source row
SHP-00075263,36490,15,True,,exact duplicate; retained first source row
SHP-00075263,72848,15,False,,exact duplicate; retained first source row
SHP-00027055,36497,14,True,,exact duplicate; retained first source row
SHP-00027055,77814,14,False,,exact duplicate; retained first source row
SHP-00067384,36500,14,True,,exact duplicate; retained first source row
SHP-00067384,45245,14,False,,exact duplicate; retained first source row
SHP-00039969,36505,14,True,,exact duplicate; retained first source row
SHP-00039969,39448,14,False,,exact duplicate; retained first source row
SHP-00031242,36519,15,True,,exact duplicate; retained first source row
SHP-00031242,65172,15,False,,exact duplicate; retained first source row
SHP-00053111,36531,14,True,,exact duplicate; retained first source row
SHP-00053111,40811,14,False,,exact duplicate; retained first source row
SHP-00058605,36541,11,False,freight_cost_usd,retained highest-quality copy; conflict in freight_cost_usd
SHP-00058605,71811,15,True,freight_cost_usd,retained highest-quality copy; conflict in freight_cost_usd
SHP-00026855,36548,14,True,,exact duplicate; retained first source row
SHP-00026855,47888,14,False,,exact duplicate; retained first source row
SHP-00028991,36575,15,True,,exact duplicate; retained first source row
SHP-00028991,87076,15,False,,exact duplicate; retained first source row
SHP-00062652,36599,14,True,,exact duplicate; retained first source row
SHP-00062652,76748,14,False,,exact duplicate; retained first source row
SHP-00085074,36619,15,True,,exact duplicate; retained first source row
SHP-00085074,56024,15,False,,exact duplicate; retained first source row
SHP-00001034,36642,15,True,,exact duplicate; retained first source row
SHP-00001034,41358,15,False,,exact duplicate; retained first source row
SHP-00008947,36651,14,True,,exact duplicate; retained first source row
SHP-00008947,39297,14,False,,exact duplicate; retained first source row
SHP-00085051,36694,12,False,transport_mode,retained highest-quality copy; conflict in transport_mode
SHP-00085051,74035,14,True,transport_mode,retained highest-quality copy; conflict in transport_mode
SHP-00035770,36720,15,True,,exact duplicate; retained first source row
SHP-00035770,62133,15,False,,exact duplicate; retained first source row
SHP-00034074,36733,15,True,,exact duplicate; retained first source row
SHP-00034074,78194,15,False,,exact duplicate; retained first source row
SHP-00073363,36753,15,True,,exact duplicate; retained first source row
SHP-00073363,66348,15,False,,exact duplicate; retained first source row
SHP-00000800,36794,15,True,,exact duplicate; retained first source row
SHP-00000800,61760,15,False,,exact duplicate; retained first source row
SHP-00078457,36808,15,True,,exact duplicate; retained first source row
SHP-00078457,51376,15,False,,exact duplicate; retained first source row
SHP-00042980,36811,15,True,,exact duplicate; retained first source row
SHP-00042980,63645,15,False,,exact duplicate; retained first source row
SHP-00003338,36838,15,True,,exact duplicate; retained first source row
SHP-00003338,49019,15,False,,exact duplicate; retained first source row
SHP-00013557,36840,15,True,shipment_weight_kg,retained highest-quality copy; conflict in shipment_weight_kg
SHP-00013557,52790,7,False,shipment_weight_kg,retained highest-quality copy; conflict in shipment_weight_kg
SHP-00034471,36862,15,True,,exact duplicate; retained first source row
SHP-00034471,77911,15,False,,exact duplicate; retained first source row
SHP-00070174,36865,14,True,,exact duplicate; retained first source row
SHP-00070174,78894,14,False,,exact duplicate; retained first source row
SHP-00036912,36878,15,True,,exact duplicate; retained first source row
SHP-00036912,65192,15,False,,exact duplicate; retained first source row
SHP-00001854,36910,14,True,,exact duplicate; retained first source row
SHP-00001854,75982,14,False,,exact duplicate; retained first source row
SHP-00057716,36916,15,True,,exact duplicate; retained first source row
SHP-00057716,51808,15,False,,exact duplicate; retained first source row
SHP-00028346,36917,15,True,,exact duplicate; retained first source row
SHP-00028346,50628,15,False,,exact duplicate; retained first source row
SHP-00040946,36928,15,True,,exact duplicate; retained first source row
SHP-00040946,57943,15,False,,exact duplicate; retained first source row
SHP-00039553,36948,7,False,shipment_weight_kg,retained highest-quality copy; conflict in shipment_weight_kg
SHP-00039553,52504,15,True,shipment_weight_kg,retained highest-quality copy; conflict in shipment_weight_kg
SHP-00003132,36961,14,True,,exact duplicate; retained first source row
SHP-00003132,41249,14,False,,exact duplicate; retained first source row
SHP-00067852,36965,14,True,,exact duplicate; retained first source row
SHP-00067852,51408,14,False,,exact duplicate; retained first source row
SHP-00012798,36993,15,True,,exact duplicate; retained first source row
SHP-00012798,77485,15,False,,exact duplicate; retained first source row
SHP-00052861,36999,15,True,,exact duplicate; retained first source row
SHP-00052861,71069,15,False,,exact duplicate; retained first source row
SHP-00002008,37058,14,True,,exact duplicate; retained first source row
SHP-00002008,83505,14,False,,exact duplicate; retained first source row
SHP-00050001,37066,14,True,,exact duplicate; retained first source row
SHP-00050001,59169,14,False,,exact duplicate; retained first source row
SHP-00034857,37095,14,True,,exact duplicate; retained first source row
SHP-00034857,83998,14,False,,exact duplicate; retained first source row
SHP-00040398,37102,14,True,,exact duplicate; retained first source row
SHP-00040398,54525,14,False,,exact duplicate; retained first source row
SHP-00002729,37117,14,True,,exact duplicate; retained first source row
SHP-00002729,77955,14,False,,exact duplicate; retained first source row
SHP-00061703,37125,15,True,,exact duplicate; retained first source row
SHP-00061703,39389,15,False,,exact duplicate; retained first source row
SHP-00074386,37133,15,True,,exact duplicate; retained first source row
SHP-00074386,37308,15,False,,exact duplicate; retained first source row
SHP-00005697,37138,15,True,,exact duplicate; retained first source row
SHP-00005697,55826,15,False,,exact duplicate; retained first source row
SHP-00007544,37153,15,True,,exact duplicate; retained first source row
SHP-00007544,39477,15,False,,exact duplicate; retained first source row
SHP-00012319,37155,15,True,,exact duplicate; retained first source row
SHP-00012319,74093,15,False,,exact duplicate; retained first source row
SHP-00074844,37165,15,True,,exact duplicate; retained first source row
SHP-00074844,41862,15,False,,exact duplicate; retained first source row
SHP-00050579,37180,15,True,,exact duplicate; retained first source row
SHP-00050579,49792,15,False,,exact duplicate; retained first source row
SHP-00027950,37216,14,True,,exact duplicate; retained first source row
SHP-00027950,64519,14,False,,exact duplicate; retained first source row
SHP-00008890,37256,14,True,,exact duplicate; retained first source row
SHP-00008890,38000,14,False,,exact duplicate; retained first source row
SHP-00048037,37258,15,True,,exact duplicate; retained first source row
SHP-00048037,38169,15,False,,exact duplicate; retained first source row
SHP-00052767,37299,15,True,,exact duplicate; retained first source row
SHP-00052767,37838,15,False,,exact duplicate; retained first source row
SHP-00016578,37349,15,True,,exact duplicate; retained first source row
SHP-00016578,88030,15,False,,exact duplicate; retained first source row
SHP-00033851,37405,15,True,,exact duplicate; retained first source row
SHP-00033851,50522,15,False,,exact duplicate; retained first source row
SHP-00042024,37408,14,True,,exact duplicate; retained first source row
SHP-00042024,66837,14,False,,exact duplicate; retained first source row
SHP-00030060,37457,15,True,,exact duplicate; retained first source row
SHP-00030060,80134,15,False,,exact duplicate; retained first source row
SHP-00063612,37458,15,True,,exact duplicate; retained first source row
SHP-00063612,83340,15,False,,exact duplicate; retained first source row
SHP-00042850,37467,14,True,,exact duplicate; retained first source row
SHP-00042850,59858,14,False,,exact duplicate; retained first source row
SHP-00048264,37469,15,True,,exact duplicate; retained first source row
SHP-00048264,68253,15,False,,exact duplicate; retained first source row
SHP-00048263,37522,15,True,,exact duplicate; retained first source row
SHP-00048263,58945,15,False,,exact duplicate; retained first source row
SHP-00012873,37540,14,True,,exact duplicate; retained first source row
SHP-00012873,71713,14,False,,exact duplicate; retained first source row
SHP-00039034,37551,14,True,,exact duplicate; retained first source row
SHP-00039034,55700,14,False,,exact duplicate; retained first source row
SHP-00025431,37628,7,False,shipment_weight_kg,retained highest-quality copy; conflict in shipment_weight_kg
SHP-00025431,77710,15,True,shipment_weight_kg,retained highest-quality copy; conflict in shipment_weight_kg
SHP-00028596,37673,15,True,,exact duplicate; retained first source row
SHP-00028596,88232,15,False,,exact duplicate; retained first source row
SHP-00041037,37679,15,True,,exact duplicate; retained first source row
SHP-00041037,72779,15,False,,exact duplicate; retained first source row
SHP-00061469,37685,15,True,,exact duplicate; retained first source row
SHP-00061469,47351,15,False,,exact duplicate; retained first source row
SHP-00007616,37715,15,True,,exact duplicate; retained first source row
SHP-00007616,50472,15,False,,exact duplicate; retained first source row
SHP-00034867,37767,15,True,,exact duplicate; retained first source row
SHP-00034867,75371,15,False,,exact duplicate; retained first source row
SHP-00015356,37777,15,True,,exact duplicate; retained first source row
SHP-00015356,69730,15,False,,exact duplicate; retained first source row
SHP-00047576,37837,15,True,,exact duplicate; retained first source row
SHP-00047576,85441,15,False,,exact duplicate; retained first source row
SHP-00051090,37906,15,True,transport_mode,retained highest-quality copy; conflict in transport_mode
SHP-00051090,55486,13,False,transport_mode,retained highest-quality copy; conflict in transport_mode
SHP-00028123,37935,14,True,,exact duplicate; retained first source row
SHP-00028123,59477,14,False,,exact duplicate; retained first source row
SHP-00029227,37941,15,True,,exact duplicate; retained first source row
SHP-00029227,83440,15,False,,exact duplicate; retained first source row
SHP-00024986,37972,14,True,,exact duplicate; retained first source row
SHP-00024986,76683,14,False,,exact duplicate; retained first source row
SHP-00034750,37991,14,True,,exact duplicate; retained first source row
SHP-00034750,73249,14,False,,exact duplicate; retained first source row
SHP-00084124,38005,15,True,,exact duplicate; retained first source row
SHP-00084124,39673,15,False,,exact duplicate; retained first source row
SHP-00069198,38026,15,True,,exact duplicate; retained first source row
SHP-00069198,60016,15,False,,exact duplicate; retained first source row
SHP-00043781,38029,14,True,,exact duplicate; retained first source row
SHP-00043781,42310,14,False,,exact duplicate; retained first source row
SHP-00036978,38060,15,True,,exact duplicate; retained first source row
SHP-00036978,87217,15,False,,exact duplicate; retained first source row
SHP-00040283,38073,15,True,,exact duplicate; retained first source row
SHP-00040283,83623,15,False,,exact duplicate; retained first source row
SHP-00033771,38108,15,True,,exact duplicate; retained first source row
SHP-00033771,40442,15,False,,exact duplicate; retained first source row
SHP-00031821,38122,15,True,,exact duplicate; retained first source row
SHP-00031821,85732,15,False,,exact duplicate; retained first source row
SHP-00016626,38126,14,True,,exact duplicate; retained first source row
SHP-00016626,50325,14,False,,exact duplicate; retained first source row
SHP-00000209,38149,15,True,,exact duplicate; retained first source row
SHP-00000209,59436,15,False,,exact duplicate; retained first source row
SHP-00021805,38188,15,True,,exact duplicate; retained first source row
SHP-00021805,45965,15,False,,exact duplicate; retained first source row
SHP-00051444,38251,14,True,shipment_weight_kg,retained highest-quality copy; conflict in shipment_weight_kg
SHP-00051444,48626,6,False,shipment_weight_kg,retained highest-quality copy; conflict in shipment_weight_kg
SHP-00003653,38277,14,True,,exact duplicate; retained first source row
SHP-00003653,63296,14,False,,exact duplicate; retained first source row
SHP-00001803,38281,15,True,,exact duplicate; retained first source row
SHP-00001803,39322,15,False,,exact duplicate; retained first source row
SHP-00048416,38288,7,False,shipment_weight_kg,retained highest-quality copy; conflict in shipment_weight_kg
SHP-00048416,66137,15,True,shipment_weight_kg,retained highest-quality copy; conflict in shipment_weight_kg
SHP-00075067,38351,14,True,,exact duplicate; retained first source row
SHP-00075067,65412,14,False,,exact duplicate; retained first source row
SHP-00037077,38352,15,True,,exact duplicate; retained first source row
SHP-00037077,53420,15,False,,exact duplicate; retained first source row
SHP-00021905,38396,15,True,,exact duplicate; retained first source row
SHP-00021905,84296,15,False,,exact duplicate; retained first source row
SHP-00046575,38670,14,True,,exact duplicate; retained first source row
SHP-00046575,84933,14,False,,exact duplicate; retained first source row
SHP-00015085,38675,15,True,,exact duplicate; retained first source row
SHP-00015085,62664,15,False,,exact duplicate; retained first source row
SHP-00004879,38707,15,True,,exact duplicate; retained first source row
SHP-00004879,42249,15,False,,exact duplicate; retained first source row
SHP-00004339,38726,14,True,,exact duplicate; retained first source row
SHP-00004339,85467,14,False,,exact duplicate; retained first source row
SHP-00014530,38744,15,True,,exact duplicate; retained first source row
SHP-00014530,85730,15,False,,exact duplicate; retained first source row
SHP-00000073,38760,14,True,,exact duplicate; retained first source row
SHP-00000073,78164,14,False,,exact duplicate; retained first source row
SHP-00078904,38800,14,True,,exact duplicate; retained first source row
SHP-00078904,50779,14,False,,exact duplicate; retained first source row
SHP-00005923,38820,15,True,,exact duplicate; retained first source row
SHP-00005923,47467,15,False,,exact duplicate; retained first source row
SHP-00052427,38833,12,False,transport_mode,retained highest-quality copy; conflict in transport_mode
SHP-00052427,58136,14,True,transport_mode,retained highest-quality copy; conflict in transport_mode
SHP-00041793,38846,15,True,,exact duplicate; retained first source row
SHP-00041793,67490,15,False,,exact duplicate; retained first source row
SHP-00010740,38886,14,True,,exact duplicate; retained first source row
SHP-00010740,47527,14,False,,exact duplicate; retained first source row
SHP-00013414,38926,15,True,,exact duplicate; retained first source row
SHP-00013414,85849,15,False,,exact duplicate; retained first source row
SHP-00046142,38928,15,True,,exact duplicate; retained first source row
SHP-00046142,68355,15,False,,exact duplicate; retained first source row
SHP-00000492,38950,14,True,,exact duplicate; retained first source row
SHP-00000492,60888,14,False,,exact duplicate; retained first source row
SHP-00005670,38963,14,True,,exact duplicate; retained first source row
SHP-00005670,40570,14,False,,exact duplicate; retained first source row
SHP-00010240,38992,14,True,,exact duplicate; retained first source row
SHP-00010240,41222,14,False,,exact duplicate; retained first source row
SHP-00026128,39037,15,True,,exact duplicate; retained first source row
SHP-00026128,53154,15,False,,exact duplicate; retained first source row
SHP-00065462,39072,15,True,,exact duplicate; retained first source row
SHP-00065462,87120,15,False,,exact duplicate; retained first source row
SHP-00056848,39077,15,True,,exact duplicate; retained first source row
SHP-00056848,80424,15,False,,exact duplicate; retained first source row
SHP-00061196,39154,15,True,,exact duplicate; retained first source row
SHP-00061196,68286,15,False,,exact duplicate; retained first source row
SHP-00078935,39158,14,True,,exact duplicate; retained first source row
SHP-00078935,42005,14,False,,exact duplicate; retained first source row
SHP-00044209,39215,15,True,,exact duplicate; retained first source row
SHP-00044209,68654,15,False,,exact duplicate; retained first source row
SHP-00029348,39241,15,True,,exact duplicate; retained first source row
SHP-00029348,77322,15,False,,exact duplicate; retained first source row
SHP-00054644,39265,15,True,,exact duplicate; retained first source row
SHP-00054644,45000,15,False,,exact duplicate; retained first source row
SHP-00023830,39342,15,True,,exact duplicate; retained first source row
SHP-00023830,85662,15,False,,exact duplicate; retained first source row
SHP-00073316,39356,15,True,,exact duplicate; retained first source row
SHP-00073316,54966,15,False,,exact duplicate; retained first source row
SHP-00011933,39387,15,True,,exact duplicate; retained first source row
SHP-00011933,62984,15,False,,exact duplicate; retained first source row
SHP-00046694,39411,15,True,,exact duplicate; retained first source row
SHP-00046694,45563,15,False,,exact duplicate; retained first source row
SHP-00074694,39444,15,True,,exact duplicate; retained first source row
SHP-00074694,53809,15,False,,exact duplicate; retained first source row
SHP-00068491,39478,14,True,,exact duplicate; retained first source row
SHP-00068491,41277,14,False,,exact duplicate; retained first source row
SHP-00048543,39511,14,True,,exact duplicate; retained first source row
SHP-00048543,85623,14,False,,exact duplicate; retained first source row
SHP-00067516,39528,15,True,,exact duplicate; retained first source row
SHP-00067516,86326,15,False,,exact duplicate; retained first source row
SHP-00034326,39564,15,True,,exact duplicate; retained first source row
SHP-00034326,76511,15,False,,exact duplicate; retained first source row
SHP-00013911,39573,15,True,,exact duplicate; retained first source row
SHP-00013911,72408,15,False,,exact duplicate; retained first source row
SHP-00078719,39592,15,True,,exact duplicate; retained first source row
SHP-00078719,62939,15,False,,exact duplicate; retained first source row
SHP-00031839,39652,7,False,shipment_weight_kg,retained highest-quality copy; conflict in shipment_weight_kg
SHP-00031839,82191,15,True,shipment_weight_kg,retained highest-quality copy; conflict in shipment_weight_kg
SHP-00070001,39715,15,True,,exact duplicate; retained first source row
SHP-00070001,71131,15,False,,exact duplicate; retained first source row
SHP-00073960,39739,14,True,,exact duplicate; retained first source row
SHP-00073960,40481,14,False,,exact duplicate; retained first source row
SHP-00024221,39758,15,True,,exact duplicate; retained first source row
SHP-00024221,74988,15,False,,exact duplicate; retained first source row
SHP-00084964,39761,15,True,,exact duplicate; retained first source row
SHP-00084964,57701,15,False,,exact duplicate; retained first source row
SHP-00058665,39780,15,True,,exact duplicate; retained first source row
SHP-00058665,46395,15,False,,exact duplicate; retained first source row
SHP-00030094,39795,14,True,,exact duplicate; retained first source row
SHP-00030094,42730,14,False,,exact duplicate; retained first source row
SHP-00012241,39822,15,True,,exact duplicate; retained first source row
SHP-00012241,87147,15,False,,exact duplicate; retained first source row
SHP-00075103,39899,15,True,,exact duplicate; retained first source row
SHP-00075103,65739,15,False,,exact duplicate; retained first source row
SHP-00055086,39914,15,True,,exact duplicate; retained first source row
SHP-00055086,47643,15,False,,exact duplicate; retained first source row
SHP-00080350,39953,15,True,,exact duplicate; retained first source row
SHP-00080350,78278,15,False,,exact duplicate; retained first source row
SHP-00020906,39979,15,True,,exact duplicate; retained first source row
SHP-00020906,45336,15,False,,exact duplicate; retained first source row
SHP-00008490,40015,14,True,,exact duplicate; retained first source row
SHP-00008490,84578,14,False,,exact duplicate; retained first source row
SHP-00042320,40029,14,True,,exact duplicate; retained first source row
SHP-00042320,85144,14,False,,exact duplicate; retained first source row
SHP-00056739,40033,14,True,,exact duplicate; retained first source row
SHP-00056739,71748,14,False,,exact duplicate; retained first source row
SHP-00072965,40088,15,True,,exact duplicate; retained first source row
SHP-00072965,73560,15,False,,exact duplicate; retained first source row
SHP-00048294,40199,15,True,,exact duplicate; retained first source row
SHP-00048294,47832,15,False,,exact duplicate; retained first source row
SHP-00015414,40309,15,True,,exact duplicate; retained first source row
SHP-00015414,56079,15,False,,exact duplicate; retained first source row
SHP-00055625,40354,15,True,,exact duplicate; retained first source row
SHP-00055625,63504,15,False,,exact duplicate; retained first source row
SHP-00072077,40387,15,True,"transport_mode, shipment_weight_kg","retained highest-quality copy; conflict in transport_mode, shipment_weight_kg"
SHP-00072077,79426,5,False,"transport_mode, shipment_weight_kg","retained highest-quality copy; conflict in transport_mode, shipment_weight_kg"
SHP-00017900,40388,15,True,transport_mode,retained highest-quality copy; conflict in transport_mode
SHP-00017900,58682,13,False,transport_mode,retained highest-quality copy; conflict in transport_mode
SHP-00020106,40390,15,True,,exact duplicate; retained first source row
SHP-00020106,49954,15,False,,exact duplicate; retained first source row
SHP-00006194,40434,14,True,,exact duplicate; retained first source row
SHP-00006194,50913,14,False,,exact duplicate; retained first source row
SHP-00026637,40472,14,True,,exact duplicate; retained first source row
SHP-00026637,69325,14,False,,exact duplicate; retained first source row
SHP-00044402,40502,15,True,,exact duplicate; retained first source row
SHP-00044402,79066,15,False,,exact duplicate; retained first source row
SHP-00039172,40540,15,True,,exact duplicate; retained first source row
SHP-00039172,83085,15,False,,exact duplicate; retained first source row
SHP-00059360,40545,15,True,,exact duplicate; retained first source row
SHP-00059360,56747,15,False,,exact duplicate; retained first source row
SHP-00003662,40556,14,True,,exact duplicate; retained first source row
SHP-00003662,51185,14,False,,exact duplicate; retained first source row
SHP-00044573,40605,15,True,,exact duplicate; retained first source row
SHP-00044573,66731,15,False,,exact duplicate; retained first source row
SHP-00044326,40622,14,True,,exact duplicate; retained first source row
SHP-00044326,72532,14,False,,exact duplicate; retained first source row
SHP-00075019,40661,14,True,,exact duplicate; retained first source row
SHP-00075019,60459,14,False,,exact duplicate; retained first source row
SHP-00061213,40747,15,True,,exact duplicate; retained first source row
SHP-00061213,78820,15,False,,exact duplicate; retained first source row
SHP-00035799,40863,14,True,,exact duplicate; retained first source row
SHP-00035799,69171,14,False,,exact duplicate; retained first source row
SHP-00078530,40875,15,True,freight_cost_usd,retained highest-quality copy; conflict in freight_cost_usd
SHP-00078530,58257,11,False,freight_cost_usd,retained highest-quality copy; conflict in freight_cost_usd
SHP-00009914,40914,15,True,,exact duplicate; retained first source row
SHP-00009914,57366,15,False,,exact duplicate; retained first source row
SHP-00052417,40968,15,True,,exact duplicate; retained first source row
SHP-00052417,75637,15,False,,exact duplicate; retained first source row
SHP-00016153,40974,15,True,transport_mode,retained highest-quality copy; conflict in transport_mode
SHP-00016153,80014,13,False,transport_mode,retained highest-quality copy; conflict in transport_mode
SHP-00032690,40975,15,True,,exact duplicate; retained first source row
SHP-00032690,53630,15,False,,exact duplicate; retained first source row
SHP-00041187,40984,15,True,,exact duplicate; retained first source row
SHP-00041187,87669,15,False,,exact duplicate; retained first source row
SHP-00076495,41034,15,True,,exact duplicate; retained first source row
SHP-00076495,48850,15,False,,exact duplicate; retained first source row
SHP-00079395,41039,15,True,transport_mode,retained highest-quality copy; conflict in transport_mode
SHP-00079395,49552,13,False,transport_mode,retained highest-quality copy; conflict in transport_mode
SHP-00030845,41042,14,True,,exact duplicate; retained first source row
SHP-00030845,49936,14,False,,exact duplicate; retained first source row
SHP-00084006,41063,15,True,,exact duplicate; retained first source row
SHP-00084006,53773,15,False,,exact duplicate; retained first source row
SHP-00072584,41076,15,True,,exact duplicate; retained first source row
SHP-00072584,63762,15,False,,exact duplicate; retained first source row
SHP-00022781,41088,15,True,,exact duplicate; retained first source row
SHP-00022781,77229,15,False,,exact duplicate; retained first source row
SHP-00020179,41159,15,True,,exact duplicate; retained first source row
SHP-00020179,83832,15,False,,exact duplicate; retained first source row
SHP-00018167,41264,14,True,,exact duplicate; retained first source row
SHP-00018167,80147,14,False,,exact duplicate; retained first source row
SHP-00080674,41287,15,True,,exact duplicate; retained first source row
SHP-00080674,55384,15,False,,exact duplicate; retained first source row
SHP-00010485,41289,15,True,,exact duplicate; retained first source row
SHP-00010485,57465,15,False,,exact duplicate; retained first source row
SHP-00051216,41294,15,True,,exact duplicate; retained first source row
SHP-00051216,80696,15,False,,exact duplicate; retained first source row
SHP-00070623,41310,15,True,,exact duplicate; retained first source row
SHP-00070623,83603,15,False,,exact duplicate; retained first source row
SHP-00040158,41365,7,False,shipment_weight_kg,retained highest-quality copy; conflict in shipment_weight_kg
SHP-00040158,60885,15,True,shipment_weight_kg,retained highest-quality copy; conflict in shipment_weight_kg
SHP-00057767,41388,14,True,,exact duplicate; retained first source row
SHP-00057767,87614,14,False,,exact duplicate; retained first source row
SHP-00064381,41428,15,True,,exact duplicate; retained first source row
SHP-00064381,84793,15,False,,exact duplicate; retained first source row
SHP-00085311,41451,14,True,,exact duplicate; retained first source row
SHP-00085311,71199,14,False,,exact duplicate; retained first source row
SHP-00069019,41482,15,True,,exact duplicate; retained first source row
SHP-00069019,48578,15,False,,exact duplicate; retained first source row
SHP-00024824,41483,14,True,,exact duplicate; retained first source row
SHP-00024824,62822,14,False,,exact duplicate; retained first source row
SHP-00068647,41484,14,True,,exact duplicate; retained first source row
SHP-00068647,83400,14,False,,exact duplicate; retained first source row
SHP-00026816,41549,15,True,,exact duplicate; retained first source row
SHP-00026816,50528,15,False,,exact duplicate; retained first source row
SHP-00057574,41627,14,True,,exact duplicate; retained first source row
SHP-00057574,77637,14,False,,exact duplicate; retained first source row
SHP-00048847,41677,14,True,,exact duplicate; retained first source row
SHP-00048847,49004,14,False,,exact duplicate; retained first source row
SHP-00023489,41704,15,True,,exact duplicate; retained first source row
SHP-00023489,75000,15,False,,exact duplicate; retained first source row
SHP-00014393,41712,14,True,,exact duplicate; retained first source row
SHP-00014393,74866,14,False,,exact duplicate; retained first source row
SHP-00073149,41720,15,True,,exact duplicate; retained first source row
SHP-00073149,80929,15,False,,exact duplicate; retained first source row
SHP-00083777,41731,14,True,,exact duplicate; retained first source row
SHP-00083777,61009,14,False,,exact duplicate; retained first source row
SHP-00032158,41733,15,True,,exact duplicate; retained first source row
SHP-00032158,83455,15,False,,exact duplicate; retained first source row
SHP-00057166,41755,14,True,,exact duplicate; retained first source row
SHP-00057166,42961,14,False,,exact duplicate; retained first source row
SHP-00054650,41776,14,True,,exact duplicate; retained first source row
SHP-00054650,71354,14,False,,exact duplicate; retained first source row
SHP-00077254,41798,15,True,,exact duplicate; retained first source row
SHP-00077254,65290,15,False,,exact duplicate; retained first source row
SHP-00047242,41945,15,True,,exact duplicate; retained first source row
SHP-00047242,79795,15,False,,exact duplicate; retained first source row
SHP-00001256,42024,15,True,,exact duplicate; retained first source row
SHP-00001256,43788,15,False,,exact duplicate; retained first source row
SHP-00051056,42064,15,True,,exact duplicate; retained first source row
SHP-00051056,52711,15,False,,exact duplicate; retained first source row
SHP-00037751,42099,14,True,,exact duplicate; retained first source row
SHP-00037751,62292,14,False,,exact duplicate; retained first source row
SHP-00016119,42133,11,False,freight_cost_usd,retained highest-quality copy; conflict in freight_cost_usd
SHP-00016119,86811,15,True,freight_cost_usd,retained highest-quality copy; conflict in freight_cost_usd
SHP-00003818,42171,15,True,,exact duplicate; retained first source row
SHP-00003818,46946,15,False,,exact duplicate; retained first source row
SHP-00022818,42173,15,True,,exact duplicate; retained first source row
SHP-00022818,50262,15,False,,exact duplicate; retained first source row
SHP-00015475,42174,12,False,transport_mode,retained highest-quality copy; conflict in transport_mode
SHP-00015475,86720,14,True,transport_mode,retained highest-quality copy; conflict in transport_mode
SHP-00085628,42186,7,False,shipment_weight_kg,retained highest-quality copy; conflict in shipment_weight_kg
SHP-00085628,56650,15,True,shipment_weight_kg,retained highest-quality copy; conflict in shipment_weight_kg
SHP-00065477,42201,15,True,,exact duplicate; retained first source row
SHP-00065477,59283,15,False,,exact duplicate; retained first source row
SHP-00070479,42209,15,True,,exact duplicate; retained first source row
SHP-00070479,54712,15,False,,exact duplicate; retained first source row
SHP-00034397,42266,15,True,,exact duplicate; retained first source row
SHP-00034397,59854,15,False,,exact duplicate; retained first source row
SHP-00058538,42288,15,True,,exact duplicate; retained first source row
SHP-00058538,43129,15,False,,exact duplicate; retained first source row
SHP-00048939,42294,15,True,,exact duplicate; retained first source row
SHP-00048939,72474,15,False,,exact duplicate; retained first source row
SHP-00038155,42302,15,True,,exact duplicate; retained first source row
SHP-00038155,47408,15,False,,exact duplicate; retained first source row
SHP-00082878,42307,14,True,,exact duplicate; retained first source row
SHP-00082878,71587,14,False,,exact duplicate; retained first source row
SHP-00026869,42353,15,True,,exact duplicate; retained first source row
SHP-00026869,65088,15,False,,exact duplicate; retained first source row
SHP-00042644,42355,7,False,shipment_weight_kg,retained highest-quality copy; conflict in shipment_weight_kg
SHP-00042644,59734,15,True,shipment_weight_kg,retained highest-quality copy; conflict in shipment_weight_kg
SHP-00002157,42429,15,True,transport_mode,retained highest-quality copy; conflict in transport_mode
SHP-00002157,60560,13,False,transport_mode,retained highest-quality copy; conflict in transport_mode
SHP-00078529,42490,15,True,,exact duplicate; retained first source row
SHP-00078529,43339,15,False,,exact duplicate; retained first source row
SHP-00035372,42513,14,True,,exact duplicate; retained first source row
SHP-00035372,87811,14,False,,exact duplicate; retained first source row
SHP-00060966,42546,15,True,,exact duplicate; retained first source row
SHP-00060966,79052,15,False,,exact duplicate; retained first source row
SHP-00016395,42556,15,True,,exact duplicate; retained first source row
SHP-00016395,60086,15,False,,exact duplicate; retained first source row
SHP-00034492,42652,15,True,,exact duplicate; retained first source row
SHP-00034492,54076,15,False,,exact duplicate; retained first source row
SHP-00074449,42665,15,True,,exact duplicate; retained first source row
SHP-00074449,56207,15,False,,exact duplicate; retained first source row
SHP-00077370,42681,15,True,,exact duplicate; retained first source row
SHP-00077370,75612,15,False,,exact duplicate; retained first source row
SHP-00010602,42737,15,True,,exact duplicate; retained first source row
SHP-00010602,54732,15,False,,exact duplicate; retained first source row
SHP-00049225,42764,15,True,,exact duplicate; retained first source row
SHP-00049225,67312,15,False,,exact duplicate; retained first source row
SHP-00067273,42812,15,True,,exact duplicate; retained first source row
SHP-00067273,54006,15,False,,exact duplicate; retained first source row
SHP-00085282,42816,15,True,,exact duplicate; retained first source row
SHP-00085282,54904,15,False,,exact duplicate; retained first source row
SHP-00025595,42856,15,True,,exact duplicate; retained first source row
SHP-00025595,47057,15,False,,exact duplicate; retained first source row
SHP-00070152,42881,15,True,,exact duplicate; retained first source row
SHP-00070152,54799,15,False,,exact duplicate; retained first source row
SHP-00013318,42906,14,True,,exact duplicate; retained first source row
SHP-00013318,62202,14,False,,exact duplicate; retained first source row
SHP-00003540,42928,14,True,,exact duplicate; retained first source row
SHP-00003540,78931,14,False,,exact duplicate; retained first source row
SHP-00077662,42956,14,True,,exact duplicate; retained first source row
SHP-00077662,43403,14,False,,exact duplicate; retained first source row
SHP-00075958,42979,15,True,,exact duplicate; retained first source row
SHP-00075958,80097,15,False,,exact duplicate; retained first source row
SHP-00015561,42998,14,True,,exact duplicate; retained first source row
SHP-00015561,86494,14,False,,exact duplicate; retained first source row
SHP-00005858,43006,12,False,transport_mode,retained highest-quality copy; conflict in transport_mode
SHP-00005858,72633,14,True,transport_mode,retained highest-quality copy; conflict in transport_mode
SHP-00071718,43007,15,True,transport_mode,retained highest-quality copy; conflict in transport_mode
SHP-00071718,54116,13,False,transport_mode,retained highest-quality copy; conflict in transport_mode
SHP-00054901,43021,15,True,,exact duplicate; retained first source row
SHP-00054901,44132,15,False,,exact duplicate; retained first source row
SHP-00028599,43033,15,True,,exact duplicate; retained first source row
SHP-00028599,75764,15,False,,exact duplicate; retained first source row
SHP-00079964,43035,14,True,,exact duplicate; retained first source row
SHP-00079964,57680,14,False,,exact duplicate; retained first source row
SHP-00030906,43051,15,True,,exact duplicate; retained first source row
SHP-00030906,58417,15,False,,exact duplicate; retained first source row
SHP-00033174,43085,15,True,,exact duplicate; retained first source row
SHP-00033174,80541,15,False,,exact duplicate; retained first source row
SHP-00052308,43141,14,True,,exact duplicate; retained first source row
SHP-00052308,54705,14,False,,exact duplicate; retained first source row
SHP-00057836,43150,15,True,,exact duplicate; retained first source row
SHP-00057836,77945,15,False,,exact duplicate; retained first source row
SHP-00077880,43162,15,True,,exact duplicate; retained first source row
SHP-00077880,46683,15,False,,exact duplicate; retained first source row
SHP-00061683,43165,15,True,,exact duplicate; retained first source row
SHP-00061683,64842,15,False,,exact duplicate; retained first source row
SHP-00076170,43223,15,True,,exact duplicate; retained first source row
SHP-00076170,47434,15,False,,exact duplicate; retained first source row
SHP-00084256,43274,15,True,,exact duplicate; retained first source row
SHP-00084256,54836,15,False,,exact duplicate; retained first source row
SHP-00042396,43298,12,False,transport_mode,retained highest-quality copy; conflict in transport_mode
SHP-00042396,49680,14,True,transport_mode,retained highest-quality copy; conflict in transport_mode
SHP-00057873,43314,13,False,transport_mode,retained highest-quality copy; conflict in transport_mode
SHP-00057873,63495,15,True,transport_mode,retained highest-quality copy; conflict in transport_mode
SHP-00019000,43319,14,True,,exact duplicate; retained first source row
SHP-00019000,69240,14,False,,exact duplicate; retained first source row
SHP-00020007,43320,15,True,,exact duplicate; retained first source row
SHP-00020007,60840,15,False,,exact duplicate; retained first source row
SHP-00002850,43442,15,True,,exact duplicate; retained first source row
SHP-00002850,76472,15,False,,exact duplicate; retained first source row
SHP-00041053,43464,14,True,,exact duplicate; retained first source row
SHP-00041053,73414,14,False,,exact duplicate; retained first source row
SHP-00062086,43501,15,True,,exact duplicate; retained first source row
SHP-00062086,59929,15,False,,exact duplicate; retained first source row
SHP-00037767,43519,7,False,shipment_weight_kg,retained highest-quality copy; conflict in shipment_weight_kg
SHP-00037767,82875,15,True,shipment_weight_kg,retained highest-quality copy; conflict in shipment_weight_kg
SHP-00082682,43540,14,True,,exact duplicate; retained first source row
SHP-00082682,60546,14,False,,exact duplicate; retained first source row
SHP-00047348,43593,14,True,,exact duplicate; retained first source row
SHP-00047348,58145,14,False,,exact duplicate; retained first source row
SHP-00006210,43599,15,True,transport_mode,retained highest-quality copy; conflict in transport_mode
SHP-00006210,62973,13,False,transport_mode,retained highest-quality copy; conflict in transport_mode
SHP-00076617,43608,15,True,,exact duplicate; retained first source row
SHP-00076617,53295,15,False,,exact duplicate; retained first source row
SHP-00067428,43683,15,True,,exact duplicate; retained first source row
SHP-00067428,60883,15,False,,exact duplicate; retained first source row
SHP-00046159,43729,6,False,shipment_weight_kg,retained highest-quality copy; conflict in shipment_weight_kg
SHP-00046159,54551,14,True,shipment_weight_kg,retained highest-quality copy; conflict in shipment_weight_kg
SHP-00075554,43786,14,True,shipment_weight_kg,retained highest-quality copy; conflict in shipment_weight_kg
SHP-00075554,48113,6,False,shipment_weight_kg,retained highest-quality copy; conflict in shipment_weight_kg
SHP-00072086,43828,15,True,,exact duplicate; retained first source row
SHP-00072086,46549,15,False,,exact duplicate; retained first source row
SHP-00007181,43877,15,True,,exact duplicate; retained first source row
SHP-00007181,74759,15,False,,exact duplicate; retained first source row
SHP-00024740,43908,15,True,,exact duplicate; retained first source row
SHP-00024740,52745,15,False,,exact duplicate; retained first source row
SHP-00031810,43912,14,True,,exact duplicate; retained first source row
SHP-00031810,79029,14,False,,exact duplicate; retained first source row
SHP-00012062,43936,15,True,,exact duplicate; retained first source row
SHP-00012062,82070,15,False,,exact duplicate; retained first source row
SHP-00033934,43974,15,True,,exact duplicate; retained first source row
SHP-00033934,83041,15,False,,exact duplicate; retained first source row
SHP-00058145,44080,15,True,,exact duplicate; retained first source row
SHP-00058145,73845,15,False,,exact duplicate; retained first source row
SHP-00056270,44244,13,False,transport_mode,retained highest-quality copy; conflict in transport_mode
SHP-00056270,57261,15,True,transport_mode,retained highest-quality copy; conflict in transport_mode
SHP-00023300,44300,15,True,,exact duplicate; retained first source row
SHP-00023300,84581,15,False,,exact duplicate; retained first source row
SHP-00019946,44388,14,True,,exact duplicate; retained first source row
SHP-00019946,67151,14,False,,exact duplicate; retained first source row
SHP-00048391,44395,15,True,,exact duplicate; retained first source row
SHP-00048391,60910,15,False,,exact duplicate; retained first source row
SHP-00050820,44399,14,True,,exact duplicate; retained first source row
SHP-00050820,77075,14,False,,exact duplicate; retained first source row
SHP-00033566,44414,11,False,freight_cost_usd,retained highest-quality copy; conflict in freight_cost_usd
SHP-00033566,63533,15,True,freight_cost_usd,retained highest-quality copy; conflict in freight_cost_usd
SHP-00002601,44443,15,True,,exact duplicate; retained first source row
SHP-00002601,60049,15,False,,exact duplicate; retained first source row
SHP-00062808,44459,15,True,,exact duplicate; retained first source row
SHP-00062808,70493,15,False,,exact duplicate; retained first source row
SHP-00043354,44476,14,True,,exact duplicate; retained first source row
SHP-00043354,50868,14,False,,exact duplicate; retained first source row
SHP-00074171,44498,15,True,,exact duplicate; retained first source row
SHP-00074171,73877,15,False,,exact duplicate; retained first source row
SHP-00075005,44537,15,True,,exact duplicate; retained first source row
SHP-00075005,56100,15,False,,exact duplicate; retained first source row
SHP-00079696,44548,6,False,shipment_weight_kg,retained highest-quality copy; conflict in shipment_weight_kg
SHP-00079696,64084,14,True,shipment_weight_kg,retained highest-quality copy; conflict in shipment_weight_kg
SHP-00076068,44582,15,True,,exact duplicate; retained first source row
SHP-00076068,70892,15,False,,exact duplicate; retained first source row
SHP-00058306,44665,14,True,,exact duplicate; retained first source row
SHP-00058306,51241,14,False,,exact duplicate; retained first source row
SHP-00024507,44690,15,True,,exact duplicate; retained first source row
SHP-00024507,87048,15,False,,exact duplicate; retained first source row
SHP-00024294,44691,15,True,,exact duplicate; retained first source row
SHP-00024294,60112,15,False,,exact duplicate; retained first source row
SHP-00048555,44704,15,True,,exact duplicate; retained first source row
SHP-00048555,77362,15,False,,exact duplicate; retained first source row
SHP-00057658,44706,15,True,,exact duplicate; retained first source row
SHP-00057658,54979,15,False,,exact duplicate; retained first source row
SHP-00018465,44737,15,True,transport_mode,retained highest-quality copy; conflict in transport_mode
SHP-00018465,49282,13,False,transport_mode,retained highest-quality copy; conflict in transport_mode
SHP-00067701,44764,14,True,,exact duplicate; retained first source row
SHP-00067701,62980,14,False,,exact duplicate; retained first source row
SHP-00013707,44773,15,True,,exact duplicate; retained first source row
SHP-00013707,75955,15,False,,exact duplicate; retained first source row
SHP-00023361,44802,15,True,,exact duplicate; retained first source row
SHP-00023361,47736,15,False,,exact duplicate; retained first source row
SHP-00013550,44843,15,True,,exact duplicate; retained first source row
SHP-00013550,59331,15,False,,exact duplicate; retained first source row
SHP-00046723,44893,14,True,,exact duplicate; retained first source row
SHP-00046723,75235,14,False,,exact duplicate; retained first source row
SHP-00072257,44916,15,True,,exact duplicate; retained first source row
SHP-00072257,75846,15,False,,exact duplicate; retained first source row
SHP-00065417,44941,14,True,,exact duplicate; retained first source row
SHP-00065417,66698,14,False,,exact duplicate; retained first source row
SHP-00053810,44945,15,True,,exact duplicate; retained first source row
SHP-00053810,81978,15,False,,exact duplicate; retained first source row
SHP-00070219,44965,14,True,,exact duplicate; retained first source row
SHP-00070219,52196,14,False,,exact duplicate; retained first source row
SHP-00006062,44981,15,True,,exact duplicate; retained first source row
SHP-00006062,56302,15,False,,exact duplicate; retained first source row
SHP-00021529,45003,15,True,,exact duplicate; retained first source row
SHP-00021529,48946,15,False,,exact duplicate; retained first source row
SHP-00059653,45022,14,True,,exact duplicate; retained first source row
SHP-00059653,52846,14,False,,exact duplicate; retained first source row
SHP-00038718,45059,14,True,,exact duplicate; retained first source row
SHP-00038718,54171,14,False,,exact duplicate; retained first source row
SHP-00082936,45077,14,True,,exact duplicate; retained first source row
SHP-00082936,55368,14,False,,exact duplicate; retained first source row
SHP-00024185,45136,15,True,,exact duplicate; retained first source row
SHP-00024185,73747,15,False,,exact duplicate; retained first source row
SHP-00037251,45154,14,True,,exact duplicate; retained first source row
SHP-00037251,48407,14,False,,exact duplicate; retained first source row
SHP-00027777,45163,15,True,,exact duplicate; retained first source row
SHP-00027777,75166,15,False,,exact duplicate; retained first source row
SHP-00084403,45167,15,True,,exact duplicate; retained first source row
SHP-00084403,59131,15,False,,exact duplicate; retained first source row
SHP-00009327,45221,14,True,,exact duplicate; retained first source row
SHP-00009327,80727,14,False,,exact duplicate; retained first source row
SHP-00047967,45256,15,True,,exact duplicate; retained first source row
SHP-00047967,65827,15,False,,exact duplicate; retained first source row
SHP-00042422,45352,15,True,,exact duplicate; retained first source row
SHP-00042422,47287,15,False,,exact duplicate; retained first source row
SHP-00055379,45406,15,True,,exact duplicate; retained first source row
SHP-00055379,75436,15,False,,exact duplicate; retained first source row
SHP-00046892,45410,15,True,freight_cost_usd,retained highest-quality copy; conflict in freight_cost_usd
SHP-00046892,54762,11,False,freight_cost_usd,retained highest-quality copy; conflict in freight_cost_usd
SHP-00056568,45425,15,True,,exact duplicate; retained first source row
SHP-00056568,46161,15,False,,exact duplicate; retained first source row
SHP-00002735,45426,15,True,,exact duplicate; retained first source row
SHP-00002735,74668,15,False,,exact duplicate; retained first source row
SHP-00053708,45469,15,True,,exact duplicate; retained first source row
SHP-00053708,87114,15,False,,exact duplicate; retained first source row
SHP-00060214,45478,14,True,,exact duplicate; retained first source row
SHP-00060214,79788,14,False,,exact duplicate; retained first source row
SHP-00022276,45497,15,True,,exact duplicate; retained first source row
SHP-00022276,75760,15,False,,exact duplicate; retained first source row
SHP-00061820,45508,15,True,,exact duplicate; retained first source row
SHP-00061820,73601,15,False,,exact duplicate; retained first source row
SHP-00043431,45596,15,True,,exact duplicate; retained first source row
SHP-00043431,83964,15,False,,exact duplicate; retained first source row
SHP-00078051,45603,14,True,,exact duplicate; retained first source row
SHP-00078051,67946,14,False,,exact duplicate; retained first source row
SHP-00083080,45616,15,True,,exact duplicate; retained first source row
SHP-00083080,49327,15,False,,exact duplicate; retained first source row
SHP-00060601,45628,15,True,,exact duplicate; retained first source row
SHP-00060601,58892,15,False,,exact duplicate; retained first source row
SHP-00058120,45629,15,True,,exact duplicate; retained first source row
SHP-00058120,80299,15,False,,exact duplicate; retained first source row
SHP-00044687,45774,15,True,,exact duplicate; retained first source row
SHP-00044687,52074,15,False,,exact duplicate; retained first source row
SHP-00002289,45799,15,True,,exact duplicate; retained first source row
SHP-00002289,60111,15,False,,exact duplicate; retained first source row
SHP-00067042,45839,15,True,,exact duplicate; retained first source row
SHP-00067042,63910,15,False,,exact duplicate; retained first source row
SHP-00048941,45874,15,True,,exact duplicate; retained first source row
SHP-00048941,67161,15,False,,exact duplicate; retained first source row
SHP-00020202,45889,14,True,,exact duplicate; retained first source row
SHP-00020202,67564,14,False,,exact duplicate; retained first source row
SHP-00038847,45982,15,True,,exact duplicate; retained first source row
SHP-00038847,81155,15,False,,exact duplicate; retained first source row
SHP-00001793,45997,15,True,,exact duplicate; retained first source row
SHP-00001793,67552,15,False,,exact duplicate; retained first source row
SHP-00055448,46061,15,True,,exact duplicate; retained first source row
SHP-00055448,66954,15,False,,exact duplicate; retained first source row
SHP-00029552,46089,15,True,,exact duplicate; retained first source row
SHP-00029552,73770,15,False,,exact duplicate; retained first source row
SHP-00063759,46115,15,True,,exact duplicate; retained first source row
SHP-00063759,52338,15,False,,exact duplicate; retained first source row
SHP-00081533,46138,14,True,,exact duplicate; retained first source row
SHP-00081533,79593,14,False,,exact duplicate; retained first source row
SHP-00002378,46213,14,True,,exact duplicate; retained first source row
SHP-00002378,71028,14,False,,exact duplicate; retained first source row
SHP-00028115,46248,14,True,,exact duplicate; retained first source row
SHP-00028115,46914,14,False,,exact duplicate; retained first source row
SHP-00053088,46252,15,True,,exact duplicate; retained first source row
SHP-00053088,71866,15,False,,exact duplicate; retained first source row
SHP-00032656,46367,15,True,,exact duplicate; retained first source row
SHP-00032656,72873,15,False,,exact duplicate; retained first source row
SHP-00068358,46369,14,True,,exact duplicate; retained first source row
SHP-00068358,73244,14,False,,exact duplicate; retained first source row
SHP-00075219,46400,14,True,,exact duplicate; retained first source row
SHP-00075219,49123,14,False,,exact duplicate; retained first source row
SHP-00057946,46435,15,True,,exact duplicate; retained first source row
SHP-00057946,64976,15,False,,exact duplicate; retained first source row
SHP-00030620,46459,15,True,,exact duplicate; retained first source row
SHP-00030620,70118,15,False,,exact duplicate; retained first source row
SHP-00053833,46505,15,True,,exact duplicate; retained first source row
SHP-00053833,69400,15,False,,exact duplicate; retained first source row
SHP-00049826,46554,15,True,,exact duplicate; retained first source row
SHP-00049826,48031,15,False,,exact duplicate; retained first source row
SHP-00050035,46597,14,True,,exact duplicate; retained first source row
SHP-00050035,70560,14,False,,exact duplicate; retained first source row
SHP-00083008,46639,15,True,,exact duplicate; retained first source row
SHP-00083008,50997,15,False,,exact duplicate; retained first source row
SHP-00011339,46715,15,True,,exact duplicate; retained first source row
SHP-00011339,48123,15,False,,exact duplicate; retained first source row
SHP-00016139,46761,15,True,,exact duplicate; retained first source row
SHP-00016139,84773,15,False,,exact duplicate; retained first source row
SHP-00019959,46776,15,True,,exact duplicate; retained first source row
SHP-00019959,85255,15,False,,exact duplicate; retained first source row
SHP-00056306,46840,15,True,,exact duplicate; retained first source row
SHP-00056306,79534,15,False,,exact duplicate; retained first source row
SHP-00001268,46850,14,True,,exact duplicate; retained first source row
SHP-00001268,67389,14,False,,exact duplicate; retained first source row
SHP-00024309,46851,14,True,,exact duplicate; retained first source row
SHP-00024309,84086,14,False,,exact duplicate; retained first source row
SHP-00005366,46890,14,True,,exact duplicate; retained first source row
SHP-00005366,57030,14,False,,exact duplicate; retained first source row
SHP-00042864,46928,15,True,,exact duplicate; retained first source row
SHP-00042864,55081,15,False,,exact duplicate; retained first source row
SHP-00028121,46934,15,True,,exact duplicate; retained first source row
SHP-00028121,68295,15,False,,exact duplicate; retained first source row
SHP-00050134,46937,14,True,,exact duplicate; retained first source row
SHP-00050134,70239,14,False,,exact duplicate; retained first source row
SHP-00039051,46984,15,True,,exact duplicate; retained first source row
SHP-00039051,48498,15,False,,exact duplicate; retained first source row
SHP-00028938,47033,15,True,freight_cost_usd,retained highest-quality copy; conflict in freight_cost_usd
SHP-00028938,54368,11,False,freight_cost_usd,retained highest-quality copy; conflict in freight_cost_usd
SHP-00060577,47062,14,True,,exact duplicate; retained first source row
SHP-00060577,55512,14,False,,exact duplicate; retained first source row
SHP-00045385,47134,15,True,,exact duplicate; retained first source row
SHP-00045385,49908,15,False,,exact duplicate; retained first source row
SHP-00041611,47141,14,True,,exact duplicate; retained first source row
SHP-00041611,79998,14,False,,exact duplicate; retained first source row
SHP-00040904,47297,15,True,,exact duplicate; retained first source row
SHP-00040904,64306,15,False,,exact duplicate; retained first source row
SHP-00032933,47320,15,True,,exact duplicate; retained first source row
SHP-00032933,66292,15,False,,exact duplicate; retained first source row
SHP-00076252,47378,15,True,,exact duplicate; retained first source row
SHP-00076252,82008,15,False,,exact duplicate; retained first source row
SHP-00037015,47415,15,True,,exact duplicate; retained first source row
SHP-00037015,53211,15,False,,exact duplicate; retained first source row
SHP-00034526,47496,15,True,,exact duplicate; retained first source row
SHP-00034526,59485,15,False,,exact duplicate; retained first source row
SHP-00060914,47513,7,False,shipment_weight_kg,retained highest-quality copy; conflict in shipment_weight_kg
SHP-00060914,68782,15,True,shipment_weight_kg,retained highest-quality copy; conflict in shipment_weight_kg
SHP-00036041,47543,15,True,,exact duplicate; retained first source row
SHP-00036041,83773,15,False,,exact duplicate; retained first source row
SHP-00000564,47574,15,True,,exact duplicate; retained first source row
SHP-00000564,48130,15,False,,exact duplicate; retained first source row
SHP-00035279,47600,15,True,,exact duplicate; retained first source row
SHP-00035279,64201,15,False,,exact duplicate; retained first source row
SHP-00063680,47673,15,True,,exact duplicate; retained first source row
SHP-00063680,51055,15,False,,exact duplicate; retained first source row
SHP-00043117,47735,15,True,,exact duplicate; retained first source row
SHP-00043117,88328,15,False,,exact duplicate; retained first source row
SHP-00025688,47753,15,True,,exact duplicate; retained first source row
SHP-00025688,62113,15,False,,exact duplicate; retained first source row
SHP-00007583,47812,15,True,,exact duplicate; retained first source row
SHP-00007583,80935,15,False,,exact duplicate; retained first source row
SHP-00082585,47864,14,True,,exact duplicate; retained first source row
SHP-00082585,86848,14,False,,exact duplicate; retained first source row
SHP-00052597,47880,15,True,,exact duplicate; retained first source row
SHP-00052597,59079,15,False,,exact duplicate; retained first source row
SHP-00065598,47956,14,True,,exact duplicate; retained first source row
SHP-00065598,62449,14,False,,exact duplicate; retained first source row
SHP-00059305,48025,15,True,,exact duplicate; retained first source row
SHP-00059305,67883,15,False,,exact duplicate; retained first source row
SHP-00085281,48107,15,True,,exact duplicate; retained first source row
SHP-00085281,49204,15,False,,exact duplicate; retained first source row
SHP-00067315,48119,14,True,,exact duplicate; retained first source row
SHP-00067315,85603,14,False,,exact duplicate; retained first source row
SHP-00041759,48228,15,True,,exact duplicate; retained first source row
SHP-00041759,81528,15,False,,exact duplicate; retained first source row
SHP-00044186,48275,15,True,,exact duplicate; retained first source row
SHP-00044186,80056,15,False,,exact duplicate; retained first source row
SHP-00015312,48286,15,True,,exact duplicate; retained first source row
SHP-00015312,87046,15,False,,exact duplicate; retained first source row
SHP-00045324,48306,15,True,,exact duplicate; retained first source row
SHP-00045324,49844,15,False,,exact duplicate; retained first source row
SHP-00027737,48332,13,False,transport_mode,retained highest-quality copy; conflict in transport_mode
SHP-00027737,70970,15,True,transport_mode,retained highest-quality copy; conflict in transport_mode
SHP-00031333,48346,15,True,,exact duplicate; retained first source row
SHP-00031333,57788,15,False,,exact duplicate; retained first source row
SHP-00072367,48369,15,True,,exact duplicate; retained first source row
SHP-00072367,63467,15,False,,exact duplicate; retained first source row
SHP-00069801,48395,14,True,,exact duplicate; retained first source row
SHP-00069801,75645,14,False,,exact duplicate; retained first source row
SHP-00023819,48491,14,True,,exact duplicate; retained first source row
SHP-00023819,67568,14,False,,exact duplicate; retained first source row
SHP-00032826,48524,14,True,,exact duplicate; retained first source row
SHP-00032826,51282,14,False,,exact duplicate; retained first source row
SHP-00028106,48562,15,True,transport_mode,retained highest-quality copy; conflict in transport_mode
SHP-00028106,52356,13,False,transport_mode,retained highest-quality copy; conflict in transport_mode
SHP-00058163,48586,14,True,,exact duplicate; retained first source row
SHP-00058163,77239,14,False,,exact duplicate; retained first source row
SHP-00085260,48610,15,True,,exact duplicate; retained first source row
SHP-00085260,55964,15,False,,exact duplicate; retained first source row
SHP-00083540,48693,15,True,,exact duplicate; retained first source row
SHP-00083540,75571,15,False,,exact duplicate; retained first source row
SHP-00035567,48716,14,True,,exact duplicate; retained first source row
SHP-00035567,68936,14,False,,exact duplicate; retained first source row
SHP-00012910,48800,15,True,shipment_weight_kg,retained highest-quality copy; conflict in shipment_weight_kg
SHP-00012910,88212,7,False,shipment_weight_kg,retained highest-quality copy; conflict in shipment_weight_kg
SHP-00038679,48805,11,False,freight_cost_usd,retained highest-quality copy; conflict in freight_cost_usd
SHP-00038679,50105,15,True,freight_cost_usd,retained highest-quality copy; conflict in freight_cost_usd
SHP-00074998,48830,15,True,,exact duplicate; retained first source row
SHP-00074998,88323,15,False,,exact duplicate; retained first source row
SHP-00060292,48837,15,True,,exact duplicate; retained first source row
SHP-00060292,72230,15,False,,exact duplicate; retained first source row
SHP-00000659,48900,15,True,,exact duplicate; retained first source row
SHP-00000659,84381,15,False,,exact duplicate; retained first source row
SHP-00018886,48929,15,True,,exact duplicate; retained first source row
SHP-00018886,80148,15,False,,exact duplicate; retained first source row
SHP-00080126,49031,14,True,,exact duplicate; retained first source row
SHP-00080126,57492,14,False,,exact duplicate; retained first source row
SHP-00034348,49034,15,True,,exact duplicate; retained first source row
SHP-00034348,60746,15,False,,exact duplicate; retained first source row
SHP-00029058,49063,15,True,,exact duplicate; retained first source row
SHP-00029058,83620,15,False,,exact duplicate; retained first source row
SHP-00014469,49091,15,True,,exact duplicate; retained first source row
SHP-00014469,50037,15,False,,exact duplicate; retained first source row
SHP-00028688,49175,15,True,,exact duplicate; retained first source row
SHP-00028688,66514,15,False,,exact duplicate; retained first source row
SHP-00052115,49185,15,True,,exact duplicate; retained first source row
SHP-00052115,55154,15,False,,exact duplicate; retained first source row
SHP-00040337,49194,15,True,freight_cost_usd,retained highest-quality copy; conflict in freight_cost_usd
SHP-00040337,50669,11,False,freight_cost_usd,retained highest-quality copy; conflict in freight_cost_usd
SHP-00059039,49305,15,True,,exact duplicate; retained first source row
SHP-00059039,82346,15,False,,exact duplicate; retained first source row
SHP-00040993,49318,14,True,,exact duplicate; retained first source row
SHP-00040993,64955,14,False,,exact duplicate; retained first source row
SHP-00034251,49322,15,True,,exact duplicate; retained first source row
SHP-00034251,73019,15,False,,exact duplicate; retained first source row
SHP-00008380,49332,14,True,,exact duplicate; retained first source row
SHP-00008380,55888,14,False,,exact duplicate; retained first source row
SHP-00029607,49356,14,True,,exact duplicate; retained first source row
SHP-00029607,88454,14,False,,exact duplicate; retained first source row
SHP-00019830,49369,15,True,,exact duplicate; retained first source row
SHP-00019830,50077,15,False,,exact duplicate; retained first source row
SHP-00042435,49384,14,True,,exact duplicate; retained first source row
SHP-00042435,69157,14,False,,exact duplicate; retained first source row
SHP-00041100,49424,15,True,,exact duplicate; retained first source row
SHP-00041100,68379,15,False,,exact duplicate; retained first source row
SHP-00020256,49453,14,True,,exact duplicate; retained first source row
SHP-00020256,66672,14,False,,exact duplicate; retained first source row
SHP-00021275,49518,15,True,,exact duplicate; retained first source row
SHP-00021275,80605,15,False,,exact duplicate; retained first source row
SHP-00020614,49546,15,True,,exact duplicate; retained first source row
SHP-00020614,56847,15,False,,exact duplicate; retained first source row
SHP-00008897,49616,14,True,,exact duplicate; retained first source row
SHP-00008897,82294,14,False,,exact duplicate; retained first source row
SHP-00027258,49624,11,False,freight_cost_usd,retained highest-quality copy; conflict in freight_cost_usd
SHP-00027258,76543,15,True,freight_cost_usd,retained highest-quality copy; conflict in freight_cost_usd
SHP-00051099,49635,14,True,,exact duplicate; retained first source row
SHP-00051099,77576,14,False,,exact duplicate; retained first source row
SHP-00032338,49669,15,True,,exact duplicate; retained first source row
SHP-00032338,63700,15,False,,exact duplicate; retained first source row
SHP-00039807,49673,15,True,,exact duplicate; retained first source row
SHP-00039807,55712,15,False,,exact duplicate; retained first source row
SHP-00014196,49709,15,True,,exact duplicate; retained first source row
SHP-00014196,66982,15,False,,exact duplicate; retained first source row
SHP-00036424,49722,15,True,,exact duplicate; retained first source row
SHP-00036424,58899,15,False,,exact duplicate; retained first source row
SHP-00022936,49724,14,True,,exact duplicate; retained first source row
SHP-00022936,62010,14,False,,exact duplicate; retained first source row
SHP-00004377,49738,14,True,,exact duplicate; retained first source row
SHP-00004377,60396,14,False,,exact duplicate; retained first source row
SHP-00065837,49746,15,True,,exact duplicate; retained first source row
SHP-00065837,72919,15,False,,exact duplicate; retained first source row
SHP-00068678,49769,14,True,,exact duplicate; retained first source row
SHP-00068678,58021,14,False,,exact duplicate; retained first source row
SHP-00084719,49820,14,True,,exact duplicate; retained first source row
SHP-00084719,62042,14,False,,exact duplicate; retained first source row
SHP-00079931,49838,14,True,,exact duplicate; retained first source row
SHP-00079931,78042,14,False,,exact duplicate; retained first source row
SHP-00011399,49866,15,True,,exact duplicate; retained first source row
SHP-00011399,71065,15,False,,exact duplicate; retained first source row
SHP-00060460,49881,14,True,,exact duplicate; retained first source row
SHP-00060460,74707,14,False,,exact duplicate; retained first source row
SHP-00006291,49945,15,True,,exact duplicate; retained first source row
SHP-00006291,81178,15,False,,exact duplicate; retained first source row
SHP-00009437,50121,15,True,,exact duplicate; retained first source row
SHP-00009437,75874,15,False,,exact duplicate; retained first source row
SHP-00027012,50175,14,True,,exact duplicate; retained first source row
SHP-00027012,76222,14,False,,exact duplicate; retained first source row
SHP-00079668,50290,7,False,shipment_weight_kg,retained highest-quality copy; conflict in shipment_weight_kg
SHP-00079668,73668,15,True,shipment_weight_kg,retained highest-quality copy; conflict in shipment_weight_kg
SHP-00052305,50364,15,True,,exact duplicate; retained first source row
SHP-00052305,72004,15,False,,exact duplicate; retained first source row
SHP-00062517,50386,14,True,,exact duplicate; retained first source row
SHP-00062517,72683,14,False,,exact duplicate; retained first source row
SHP-00026367,50394,15,True,,exact duplicate; retained first source row
SHP-00026367,60441,15,False,,exact duplicate; retained first source row
SHP-00021811,50452,15,True,,exact duplicate; retained first source row
SHP-00021811,87200,15,False,,exact duplicate; retained first source row
SHP-00056121,50473,7,False,shipment_weight_kg,retained highest-quality copy; conflict in shipment_weight_kg
SHP-00056121,74088,15,True,shipment_weight_kg,retained highest-quality copy; conflict in shipment_weight_kg
SHP-00078887,50489,15,True,,exact duplicate; retained first source row
SHP-00078887,72432,15,False,,exact duplicate; retained first source row
SHP-00000705,50530,15,True,,exact duplicate; retained first source row
SHP-00000705,65428,15,False,,exact duplicate; retained first source row
SHP-00009600,50565,14,True,,exact duplicate; retained first source row
SHP-00009600,87344,14,False,,exact duplicate; retained first source row
SHP-00079740,50574,15,True,,exact duplicate; retained first source row
SHP-00079740,69593,15,False,,exact duplicate; retained first source row
SHP-00049055,50639,14,True,,exact duplicate; retained first source row
SHP-00049055,57981,14,False,,exact duplicate; retained first source row
SHP-00072637,50705,14,True,,exact duplicate; retained first source row
SHP-00072637,74856,14,False,,exact duplicate; retained first source row
SHP-00083101,50723,15,True,,exact duplicate; retained first source row
SHP-00083101,71659,15,False,,exact duplicate; retained first source row
SHP-00040118,50908,15,True,,exact duplicate; retained first source row
SHP-00040118,68117,15,False,,exact duplicate; retained first source row
SHP-00066863,50919,14,True,,exact duplicate; retained first source row
SHP-00066863,75927,14,False,,exact duplicate; retained first source row
SHP-00013929,50938,14,True,,exact duplicate; retained first source row
SHP-00013929,61201,14,False,,exact duplicate; retained first source row
SHP-00042286,50945,15,True,,exact duplicate; retained first source row
SHP-00042286,68576,15,False,,exact duplicate; retained first source row
SHP-00007379,50951,15,True,,exact duplicate; retained first source row
SHP-00007379,81360,15,False,,exact duplicate; retained first source row
SHP-00068641,50970,14,True,,exact duplicate; retained first source row
SHP-00068641,59263,14,False,,exact duplicate; retained first source row
SHP-00075026,50986,13,False,transport_mode,retained highest-quality copy; conflict in transport_mode
SHP-00075026,76528,15,True,transport_mode,retained highest-quality copy; conflict in transport_mode
SHP-00010250,50996,15,True,,exact duplicate; retained first source row
SHP-00010250,67150,15,False,,exact duplicate; retained first source row
SHP-00055743,51005,14,True,,exact duplicate; retained first source row
SHP-00055743,59369,14,False,,exact duplicate; retained first source row
SHP-00008609,51195,15,True,,exact duplicate; retained first source row
SHP-00008609,61607,15,False,,exact duplicate; retained first source row
SHP-00073464,51226,14,True,,exact duplicate; retained first source row
SHP-00073464,56555,14,False,,exact duplicate; retained first source row
SHP-00064667,51247,15,True,,exact duplicate; retained first source row
SHP-00064667,81271,15,False,,exact duplicate; retained first source row
SHP-00048815,51270,15,True,,exact duplicate; retained first source row
SHP-00048815,63447,15,False,,exact duplicate; retained first source row
SHP-00051258,51329,14,True,,exact duplicate; retained first source row
SHP-00051258,69377,14,False,,exact duplicate; retained first source row
SHP-00064605,51350,14,True,,exact duplicate; retained first source row
SHP-00064605,80775,14,False,,exact duplicate; retained first source row
SHP-00060077,51371,14,True,,exact duplicate; retained first source row
SHP-00060077,58067,14,False,,exact duplicate; retained first source row
SHP-00074805,51479,15,True,,exact duplicate; retained first source row
SHP-00074805,76208,15,False,,exact duplicate; retained first source row
SHP-00049776,51508,15,True,,exact duplicate; retained first source row
SHP-00049776,60421,15,False,,exact duplicate; retained first source row
SHP-00055867,51572,15,True,,exact duplicate; retained first source row
SHP-00055867,59157,15,False,,exact duplicate; retained first source row
SHP-00046612,51606,15,True,,exact duplicate; retained first source row
SHP-00046612,72189,15,False,,exact duplicate; retained first source row
SHP-00039461,51633,15,True,,exact duplicate; retained first source row
SHP-00039461,53586,15,False,,exact duplicate; retained first source row
SHP-00004450,51756,13,True,"transport_mode, shipment_weight_kg","retained highest-quality copy; conflict in transport_mode, shipment_weight_kg"
SHP-00004450,78947,7,False,"transport_mode, shipment_weight_kg","retained highest-quality copy; conflict in transport_mode, shipment_weight_kg"
SHP-00030476,51757,15,True,,exact duplicate; retained first source row
SHP-00030476,86313,15,False,,exact duplicate; retained first source row
SHP-00036780,52110,14,True,,exact duplicate; retained first source row
SHP-00036780,85673,14,False,,exact duplicate; retained first source row
SHP-00044725,52194,15,True,,exact duplicate; retained first source row
SHP-00044725,62520,15,False,,exact duplicate; retained first source row
SHP-00061126,52228,15,True,,exact duplicate; retained first source row
SHP-00061126,81905,15,False,,exact duplicate; retained first source row
SHP-00043486,52319,15,True,,exact duplicate; retained first source row
SHP-00043486,88380,15,False,,exact duplicate; retained first source row
SHP-00066757,52323,15,True,,exact duplicate; retained first source row
SHP-00066757,81635,15,False,,exact duplicate; retained first source row
SHP-00035021,52431,15,True,,exact duplicate; retained first source row
SHP-00035021,68570,15,False,,exact duplicate; retained first source row
SHP-00060376,52435,14,True,,exact duplicate; retained first source row
SHP-00060376,58636,14,False,,exact duplicate; retained first source row
SHP-00007814,52442,15,True,,exact duplicate; retained first source row
SHP-00007814,56239,15,False,,exact duplicate; retained first source row
SHP-00059197,52458,15,True,,exact duplicate; retained first source row
SHP-00059197,61236,15,False,,exact duplicate; retained first source row
SHP-00004740,52488,14,True,,exact duplicate; retained first source row
SHP-00004740,74543,14,False,,exact duplicate; retained first source row
SHP-00033605,52531,12,True,"transport_mode, freight_cost_usd","retained highest-quality copy; conflict in transport_mode, freight_cost_usd"
SHP-00033605,79886,10,False,"transport_mode, freight_cost_usd","retained highest-quality copy; conflict in transport_mode, freight_cost_usd"
SHP-00081694,52574,14,True,,exact duplicate; retained first source row
SHP-00081694,84246,14,False,,exact duplicate; retained first source row
SHP-00017904,52613,15,True,,exact duplicate; retained first source row
SHP-00017904,82970,15,False,,exact duplicate; retained first source row
SHP-00037890,52615,15,True,,exact duplicate; retained first source row
SHP-00037890,68591,15,False,,exact duplicate; retained first source row
SHP-00084707,52626,14,True,shipment_weight_kg,retained highest-quality copy; conflict in shipment_weight_kg
SHP-00084707,86724,6,False,shipment_weight_kg,retained highest-quality copy; conflict in shipment_weight_kg
SHP-00047507,52684,15,True,,exact duplicate; retained first source row
SHP-00047507,75037,15,False,,exact duplicate; retained first source row
SHP-00021773,52738,15,True,,exact duplicate; retained first source row
SHP-00021773,81168,15,False,,exact duplicate; retained first source row
SHP-00063346,52814,14,True,,exact duplicate; retained first source row
SHP-00063346,72997,14,False,,exact duplicate; retained first source row
SHP-00029062,52854,15,True,,exact duplicate; retained first source row
SHP-00029062,73701,15,False,,exact duplicate; retained first source row
SHP-00070271,52942,15,True,,exact duplicate; retained first source row
SHP-00070271,70092,15,False,,exact duplicate; retained first source row
SHP-00070898,52950,14,True,,exact duplicate; retained first source row
SHP-00070898,63687,14,False,,exact duplicate; retained first source row
SHP-00014305,53043,14,True,,exact duplicate; retained first source row
SHP-00014305,84572,14,False,,exact duplicate; retained first source row
SHP-00071435,53082,14,True,,exact duplicate; retained first source row
SHP-00071435,57891,14,False,,exact duplicate; retained first source row
SHP-00028692,53102,15,True,,exact duplicate; retained first source row
SHP-00028692,78285,15,False,,exact duplicate; retained first source row
SHP-00043955,53117,15,True,,exact duplicate; retained first source row
SHP-00043955,68664,15,False,,exact duplicate; retained first source row
SHP-00047556,53134,15,True,,exact duplicate; retained first source row
SHP-00047556,69677,15,False,,exact duplicate; retained first source row
SHP-00051189,53263,14,True,,exact duplicate; retained first source row
SHP-00051189,58706,14,False,,exact duplicate; retained first source row
SHP-00054491,53268,15,True,,exact duplicate; retained first source row
SHP-00054491,84256,15,False,,exact duplicate; retained first source row
SHP-00029850,53280,15,True,,exact duplicate; retained first source row
SHP-00029850,84294,15,False,,exact duplicate; retained first source row
SHP-00034042,53382,14,True,,exact duplicate; retained first source row
SHP-00034042,88194,14,False,,exact duplicate; retained first source row
SHP-00038527,53410,15,True,,exact duplicate; retained first source row
SHP-00038527,82892,15,False,,exact duplicate; retained first source row
SHP-00063400,53465,15,True,,exact duplicate; retained first source row
SHP-00063400,70596,15,False,,exact duplicate; retained first source row
SHP-00005309,53542,15,True,,exact duplicate; retained first source row
SHP-00005309,76463,15,False,,exact duplicate; retained first source row
SHP-00045915,53547,15,True,,exact duplicate; retained first source row
SHP-00045915,62646,15,False,,exact duplicate; retained first source row
SHP-00058221,53605,15,True,,exact duplicate; retained first source row
SHP-00058221,69796,15,False,,exact duplicate; retained first source row
SHP-00033491,53690,15,True,,exact duplicate; retained first source row
SHP-00033491,85633,15,False,,exact duplicate; retained first source row
SHP-00021940,53739,14,True,,exact duplicate; retained first source row
SHP-00021940,54000,14,False,,exact duplicate; retained first source row
SHP-00007491,53777,15,True,,exact duplicate; retained first source row
SHP-00007491,58163,15,False,,exact duplicate; retained first source row
SHP-00062765,53778,15,True,,exact duplicate; retained first source row
SHP-00062765,67144,15,False,,exact duplicate; retained first source row
SHP-00077495,53779,14,True,,exact duplicate; retained first source row
SHP-00077495,74239,14,False,,exact duplicate; retained first source row
SHP-00011540,53801,15,True,,exact duplicate; retained first source row
SHP-00011540,64001,15,False,,exact duplicate; retained first source row
SHP-00043540,53975,15,True,,exact duplicate; retained first source row
SHP-00043540,83794,15,False,,exact duplicate; retained first source row
SHP-00033631,54110,15,True,,exact duplicate; retained first source row
SHP-00033631,88457,15,False,,exact duplicate; retained first source row
SHP-00028705,54149,14,True,,exact duplicate; retained first source row
SHP-00028705,81547,14,False,,exact duplicate; retained first source row
SHP-00068111,54251,14,True,,exact duplicate; retained first source row
SHP-00068111,63828,14,False,,exact duplicate; retained first source row
SHP-00033452,54289,15,True,,exact duplicate; retained first source row
SHP-00033452,76125,15,False,,exact duplicate; retained first source row
SHP-00011956,54300,14,True,,exact duplicate; retained first source row
SHP-00011956,75258,14,False,,exact duplicate; retained first source row
SHP-00072855,54311,15,True,,exact duplicate; retained first source row
SHP-00072855,71090,15,False,,exact duplicate; retained first source row
SHP-00030511,54314,15,True,,exact duplicate; retained first source row
SHP-00030511,77636,15,False,,exact duplicate; retained first source row
SHP-00076271,54318,15,True,,exact duplicate; retained first source row
SHP-00076271,59486,15,False,,exact duplicate; retained first source row
SHP-00041929,54321,14,True,,exact duplicate; retained first source row
SHP-00041929,88568,14,False,,exact duplicate; retained first source row
SHP-00015443,54385,15,True,,exact duplicate; retained first source row
SHP-00015443,64318,15,False,,exact duplicate; retained first source row
SHP-00066936,54400,14,True,,exact duplicate; retained first source row
SHP-00066936,87988,14,False,,exact duplicate; retained first source row
SHP-00055499,54418,15,True,,exact duplicate; retained first source row
SHP-00055499,78248,15,False,,exact duplicate; retained first source row
SHP-00079293,54452,7,False,shipment_weight_kg,retained highest-quality copy; conflict in shipment_weight_kg
SHP-00079293,76367,15,True,shipment_weight_kg,retained highest-quality copy; conflict in shipment_weight_kg
SHP-00038541,54514,15,True,,exact duplicate; retained first source row
SHP-00038541,71734,15,False,,exact duplicate; retained first source row
SHP-00076033,54524,15,True,,exact duplicate; retained first source row
SHP-00076033,87279,15,False,,exact duplicate; retained first source row
SHP-00074603,54580,14,True,,exact duplicate; retained first source row
SHP-00074603,79993,14,False,,exact duplicate; retained first source row
SHP-00081350,54650,15,True,,exact duplicate; retained first source row
SHP-00081350,71588,15,False,,exact duplicate; retained first source row
SHP-00058868,54654,15,True,,exact duplicate; retained first source row
SHP-00058868,76789,15,False,,exact duplicate; retained first source row
SHP-00018990,54697,15,True,,exact duplicate; retained first source row
SHP-00018990,62792,15,False,,exact duplicate; retained first source row
SHP-00041831,54715,15,True,,exact duplicate; retained first source row
SHP-00041831,70847,15,False,,exact duplicate; retained first source row
SHP-00024902,54745,10,False,freight_cost_usd,retained highest-quality copy; conflict in freight_cost_usd
SHP-00024902,68378,14,True,freight_cost_usd,retained highest-quality copy; conflict in freight_cost_usd
SHP-00024389,54817,7,False,shipment_weight_kg,retained highest-quality copy; conflict in shipment_weight_kg
SHP-00024389,60141,15,True,shipment_weight_kg,retained highest-quality copy; conflict in shipment_weight_kg
SHP-00078808,54833,15,True,,exact duplicate; retained first source row
SHP-00078808,67523,15,False,,exact duplicate; retained first source row
SHP-00064618,54839,15,True,,exact duplicate; retained first source row
SHP-00064618,78663,15,False,,exact duplicate; retained first source row
SHP-00040334,54843,14,True,,exact duplicate; retained first source row
SHP-00040334,69967,14,False,,exact duplicate; retained first source row
SHP-00003008,54850,15,True,,exact duplicate; retained first source row
SHP-00003008,54934,15,False,,exact duplicate; retained first source row
SHP-00049159,54920,15,True,,exact duplicate; retained first source row
SHP-00049159,82084,15,False,,exact duplicate; retained first source row
SHP-00075763,55111,14,True,,exact duplicate; retained first source row
SHP-00075763,55430,14,False,,exact duplicate; retained first source row
SHP-00051544,55113,14,True,,exact duplicate; retained first source row
SHP-00051544,69733,14,False,,exact duplicate; retained first source row
SHP-00072749,55115,15,True,,exact duplicate; retained first source row
SHP-00072749,69938,15,False,,exact duplicate; retained first source row
SHP-00076905,55123,15,True,,exact duplicate; retained first source row
SHP-00076905,62635,15,False,,exact duplicate; retained first source row
SHP-00062522,55210,15,True,,exact duplicate; retained first source row
SHP-00062522,59480,15,False,,exact duplicate; retained first source row
SHP-00025997,55309,15,True,,exact duplicate; retained first source row
SHP-00025997,88479,15,False,,exact duplicate; retained first source row
SHP-00046682,55332,14,True,,exact duplicate; retained first source row
SHP-00046682,76648,14,False,,exact duplicate; retained first source row
SHP-00064598,55372,15,True,,exact duplicate; retained first source row
SHP-00064598,73095,15,False,,exact duplicate; retained first source row
SHP-00073047,55413,14,True,,exact duplicate; retained first source row
SHP-00073047,84063,14,False,,exact duplicate; retained first source row
SHP-00075539,55454,15,True,,exact duplicate; retained first source row
SHP-00075539,82103,15,False,,exact duplicate; retained first source row
SHP-00026897,55462,15,True,,exact duplicate; retained first source row
SHP-00026897,57625,15,False,,exact duplicate; retained first source row
SHP-00007685,55549,15,True,,exact duplicate; retained first source row
SHP-00007685,71051,15,False,,exact duplicate; retained first source row
SHP-00026834,55552,7,False,shipment_weight_kg,retained highest-quality copy; conflict in shipment_weight_kg
SHP-00026834,87660,15,True,shipment_weight_kg,retained highest-quality copy; conflict in shipment_weight_kg
SHP-00014352,55598,14,True,,exact duplicate; retained first source row
SHP-00014352,73719,14,False,,exact duplicate; retained first source row
SHP-00045387,55621,15,True,,exact duplicate; retained first source row
SHP-00045387,59790,15,False,,exact duplicate; retained first source row
SHP-00005893,55745,15,True,,exact duplicate; retained first source row
SHP-00005893,87137,15,False,,exact duplicate; retained first source row
SHP-00027399,55754,15,True,,exact duplicate; retained first source row
SHP-00027399,57297,15,False,,exact duplicate; retained first source row
SHP-00002033,55767,15,True,,exact duplicate; retained first source row
SHP-00002033,58077,15,False,,exact duplicate; retained first source row
SHP-00032018,55785,15,True,,exact duplicate; retained first source row
SHP-00032018,83335,15,False,,exact duplicate; retained first source row
SHP-00035324,55866,15,True,,exact duplicate; retained first source row
SHP-00035324,64181,15,False,,exact duplicate; retained first source row
SHP-00005030,55908,15,True,,exact duplicate; retained first source row
SHP-00005030,69285,15,False,,exact duplicate; retained first source row
SHP-00050050,55938,15,True,,exact duplicate; retained first source row
SHP-00050050,64895,15,False,,exact duplicate; retained first source row
SHP-00036211,55939,14,True,,exact duplicate; retained first source row
SHP-00036211,83048,14,False,,exact duplicate; retained first source row
SHP-00003560,55969,15,True,,exact duplicate; retained first source row
SHP-00003560,61914,15,False,,exact duplicate; retained first source row
SHP-00079464,55974,15,True,,exact duplicate; retained first source row
SHP-00079464,67903,15,False,,exact duplicate; retained first source row
SHP-00076054,55986,15,True,,exact duplicate; retained first source row
SHP-00076054,85921,15,False,,exact duplicate; retained first source row
SHP-00069588,55994,15,True,,exact duplicate; retained first source row
SHP-00069588,64704,15,False,,exact duplicate; retained first source row
SHP-00073394,56044,14,True,,exact duplicate; retained first source row
SHP-00073394,74031,14,False,,exact duplicate; retained first source row
SHP-00073431,56064,15,True,,exact duplicate; retained first source row
SHP-00073431,74795,15,False,,exact duplicate; retained first source row
SHP-00083651,56065,14,True,,exact duplicate; retained first source row
SHP-00083651,78658,14,False,,exact duplicate; retained first source row
SHP-00059186,56192,15,True,transport_mode,retained highest-quality copy; conflict in transport_mode
SHP-00059186,64066,13,False,transport_mode,retained highest-quality copy; conflict in transport_mode
SHP-00031201,56209,14,True,,exact duplicate; retained first source row
SHP-00031201,63272,14,False,,exact duplicate; retained first source row
SHP-00070881,56248,14,True,,exact duplicate; retained first source row
SHP-00070881,74857,14,False,,exact duplicate; retained first source row
SHP-00063970,56282,15,True,,exact duplicate; retained first source row
SHP-00063970,84662,15,False,,exact duplicate; retained first source row
SHP-00010882,56315,15,True,,exact duplicate; retained first source row
SHP-00010882,74701,15,False,,exact duplicate; retained first source row
SHP-00065914,56365,14,True,,exact duplicate; retained first source row
SHP-00065914,70951,14,False,,exact duplicate; retained first source row
SHP-00005483,56439,12,False,transport_mode,retained highest-quality copy; conflict in transport_mode
SHP-00005483,86817,14,True,transport_mode,retained highest-quality copy; conflict in transport_mode
SHP-00029459,56475,14,True,,exact duplicate; retained first source row
SHP-00029459,86960,14,False,,exact duplicate; retained first source row
SHP-00050225,56483,15,True,,exact duplicate; retained first source row
SHP-00050225,88098,15,False,,exact duplicate; retained first source row
SHP-00072089,56498,14,True,,exact duplicate; retained first source row
SHP-00072089,57370,14,False,,exact duplicate; retained first source row
SHP-00078702,56514,14,True,,exact duplicate; retained first source row
SHP-00078702,76488,14,False,,exact duplicate; retained first source row
SHP-00013013,56566,15,True,,exact duplicate; retained first source row
SHP-00013013,65884,15,False,,exact duplicate; retained first source row
SHP-00032371,56648,15,True,,exact duplicate; retained first source row
SHP-00032371,78954,15,False,,exact duplicate; retained first source row
SHP-00077924,56695,15,True,,exact duplicate; retained first source row
SHP-00077924,73184,15,False,,exact duplicate; retained first source row
SHP-00015277,56731,15,True,,exact duplicate; retained first source row
SHP-00015277,61589,15,False,,exact duplicate; retained first source row
SHP-00015819,56772,15,True,,exact duplicate; retained first source row
SHP-00015819,83734,15,False,,exact duplicate; retained first source row
SHP-00010644,56778,15,True,,exact duplicate; retained first source row
SHP-00010644,66503,15,False,,exact duplicate; retained first source row
SHP-00020915,56792,14,True,,exact duplicate; retained first source row
SHP-00020915,73469,14,False,,exact duplicate; retained first source row
SHP-00057494,56802,15,True,,exact duplicate; retained first source row
SHP-00057494,72283,15,False,,exact duplicate; retained first source row
SHP-00066910,56873,15,True,,exact duplicate; retained first source row
SHP-00066910,87124,15,False,,exact duplicate; retained first source row
SHP-00035336,56896,7,False,shipment_weight_kg,retained highest-quality copy; conflict in shipment_weight_kg
SHP-00035336,71170,15,True,shipment_weight_kg,retained highest-quality copy; conflict in shipment_weight_kg
SHP-00038479,56963,13,True,,exact duplicate; retained first source row
SHP-00038479,68017,13,False,,exact duplicate; retained first source row
SHP-00065873,57000,14,True,,exact duplicate; retained first source row
SHP-00065873,71433,14,False,,exact duplicate; retained first source row
SHP-00073903,57025,15,True,,exact duplicate; retained first source row
SHP-00073903,76638,15,False,,exact duplicate; retained first source row
SHP-00030941,57054,12,False,transport_mode,retained highest-quality copy; conflict in transport_mode
SHP-00030941,65834,14,True,transport_mode,retained highest-quality copy; conflict in transport_mode
SHP-00074164,57090,15,True,,exact duplicate; retained first source row
SHP-00074164,58828,15,False,,exact duplicate; retained first source row
SHP-00046027,57108,11,False,"transport_mode, freight_cost_usd","retained highest-quality copy; conflict in transport_mode, freight_cost_usd"
SHP-00046027,81130,13,True,"transport_mode, freight_cost_usd","retained highest-quality copy; conflict in transport_mode, freight_cost_usd"
SHP-00023862,57119,14,True,,exact duplicate; retained first source row
SHP-00023862,59641,14,False,,exact duplicate; retained first source row
SHP-00009652,57132,15,True,,exact duplicate; retained first source row
SHP-00009652,62479,15,False,,exact duplicate; retained first source row
SHP-00061907,57135,14,True,,exact duplicate; retained first source row
SHP-00061907,73836,14,False,,exact duplicate; retained first source row
SHP-00011040,57184,14,True,,exact duplicate; retained first source row
SHP-00011040,74052,14,False,,exact duplicate; retained first source row
SHP-00074718,57191,14,True,,exact duplicate; retained first source row
SHP-00074718,59435,14,False,,exact duplicate; retained first source row
SHP-00019151,57280,14,True,,exact duplicate; retained first source row
SHP-00019151,73666,14,False,,exact duplicate; retained first source row
SHP-00033855,57351,14,True,,exact duplicate; retained first source row
SHP-00033855,62638,14,False,,exact duplicate; retained first source row
SHP-00067035,57356,11,False,freight_cost_usd,retained highest-quality copy; conflict in freight_cost_usd
SHP-00067035,72983,15,True,freight_cost_usd,retained highest-quality copy; conflict in freight_cost_usd
SHP-00052618,57373,12,False,transport_mode,retained highest-quality copy; conflict in transport_mode
SHP-00052618,63248,14,True,transport_mode,retained highest-quality copy; conflict in transport_mode
SHP-00050151,57384,14,True,,exact duplicate; retained first source row
SHP-00050151,61200,14,False,,exact duplicate; retained first source row
SHP-00065955,57390,14,True,,exact duplicate; retained first source row
SHP-00065955,81580,14,False,,exact duplicate; retained first source row
SHP-00060478,57413,15,True,,exact duplicate; retained first source row
SHP-00060478,79084,15,False,,exact duplicate; retained first source row
SHP-00048145,57526,15,True,,exact duplicate; retained first source row
SHP-00048145,75153,15,False,,exact duplicate; retained first source row
SHP-00078117,57564,15,True,,exact duplicate; retained first source row
SHP-00078117,73342,15,False,,exact duplicate; retained first source row
SHP-00013787,57594,15,True,,exact duplicate; retained first source row
SHP-00013787,70625,15,False,,exact duplicate; retained first source row
SHP-00053681,57710,14,True,,exact duplicate; retained first source row
SHP-00053681,79099,14,False,,exact duplicate; retained first source row
SHP-00032176,57712,15,True,,exact duplicate; retained first source row
SHP-00032176,87388,15,False,,exact duplicate; retained first source row
SHP-00064874,57812,15,True,,exact duplicate; retained first source row
SHP-00064874,79992,15,False,,exact duplicate; retained first source row
SHP-00043118,57829,15,True,,exact duplicate; retained first source row
SHP-00043118,69035,15,False,,exact duplicate; retained first source row
SHP-00057820,57893,15,True,,exact duplicate; retained first source row
SHP-00057820,59729,15,False,,exact duplicate; retained first source row
SHP-00021666,57937,14,True,,exact duplicate; retained first source row
SHP-00021666,75682,14,False,,exact duplicate; retained first source row
SHP-00023723,57958,15,True,,exact duplicate; retained first source row
SHP-00023723,62248,15,False,,exact duplicate; retained first source row
SHP-00079319,58106,14,True,,exact duplicate; retained first source row
SHP-00079319,82372,14,False,,exact duplicate; retained first source row
SHP-00017905,58107,15,True,shipment_weight_kg,retained highest-quality copy; conflict in shipment_weight_kg
SHP-00017905,73765,7,False,shipment_weight_kg,retained highest-quality copy; conflict in shipment_weight_kg
SHP-00078134,58271,15,True,,exact duplicate; retained first source row
SHP-00078134,72982,15,False,,exact duplicate; retained first source row
SHP-00014089,58298,15,True,,exact duplicate; retained first source row
SHP-00014089,63588,15,False,,exact duplicate; retained first source row
SHP-00055890,58302,15,True,,exact duplicate; retained first source row
SHP-00055890,71331,15,False,,exact duplicate; retained first source row
SHP-00007483,58327,15,True,,exact duplicate; retained first source row
SHP-00007483,74688,15,False,,exact duplicate; retained first source row
SHP-00080323,58443,15,True,,exact duplicate; retained first source row
SHP-00080323,65542,15,False,,exact duplicate; retained first source row
SHP-00010453,58528,14,True,,exact duplicate; retained first source row
SHP-00010453,60380,14,False,,exact duplicate; retained first source row
SHP-00077185,58584,15,True,,exact duplicate; retained first source row
SHP-00077185,84096,15,False,,exact duplicate; retained first source row
SHP-00036296,58589,15,True,,exact duplicate; retained first source row
SHP-00036296,73986,15,False,,exact duplicate; retained first source row
SHP-00051972,58590,14,True,,exact duplicate; retained first source row
SHP-00051972,77802,14,False,,exact duplicate; retained first source row
SHP-00056998,58697,15,True,,exact duplicate; retained first source row
SHP-00056998,86834,15,False,,exact duplicate; retained first source row
SHP-00011950,58792,14,True,,exact duplicate; retained first source row
SHP-00011950,74808,14,False,,exact duplicate; retained first source row
SHP-00036403,58800,6,False,shipment_weight_kg,retained highest-quality copy; conflict in shipment_weight_kg
SHP-00036403,65732,14,True,shipment_weight_kg,retained highest-quality copy; conflict in shipment_weight_kg
SHP-00050188,58848,15,True,,exact duplicate; retained first source row
SHP-00050188,86095,15,False,,exact duplicate; retained first source row
SHP-00073323,58871,14,True,,exact duplicate; retained first source row
SHP-00073323,74001,14,False,,exact duplicate; retained first source row
SHP-00019449,58975,15,True,,exact duplicate; retained first source row
SHP-00019449,64254,15,False,,exact duplicate; retained first source row
SHP-00045472,59032,15,True,,exact duplicate; retained first source row
SHP-00045472,66395,15,False,,exact duplicate; retained first source row
SHP-00080438,59050,14,True,,exact duplicate; retained first source row
SHP-00080438,87132,14,False,,exact duplicate; retained first source row
SHP-00018216,59299,15,True,,exact duplicate; retained first source row
SHP-00018216,76626,15,False,,exact duplicate; retained first source row
SHP-00034004,59380,15,True,,exact duplicate; retained first source row
SHP-00034004,88056,15,False,,exact duplicate; retained first source row
SHP-00060972,59439,15,True,,exact duplicate; retained first source row
SHP-00060972,76821,15,False,,exact duplicate; retained first source row
SHP-00011527,59542,7,False,shipment_weight_kg,retained highest-quality copy; conflict in shipment_weight_kg
SHP-00011527,61927,15,True,shipment_weight_kg,retained highest-quality copy; conflict in shipment_weight_kg
SHP-00024547,59544,15,True,,exact duplicate; retained first source row
SHP-00024547,88451,15,False,,exact duplicate; retained first source row
SHP-00016994,59589,14,True,,exact duplicate; retained first source row
SHP-00016994,77605,14,False,,exact duplicate; retained first source row
SHP-00045082,59612,14,True,,exact duplicate; retained first source row
SHP-00045082,81458,14,False,,exact duplicate; retained first source row
SHP-00026762,59657,14,True,,exact duplicate; retained first source row
SHP-00026762,76945,14,False,,exact duplicate; retained first source row
SHP-00047286,59664,14,True,,exact duplicate; retained first source row
SHP-00047286,60198,14,False,,exact duplicate; retained first source row
SHP-00050721,59673,15,True,,exact duplicate; retained first source row
SHP-00050721,82051,15,False,,exact duplicate; retained first source row
SHP-00003192,59922,15,True,,exact duplicate; retained first source row
SHP-00003192,64965,15,False,,exact duplicate; retained first source row
SHP-00035581,60008,15,True,,exact duplicate; retained first source row
SHP-00035581,62429,15,False,,exact duplicate; retained first source row
SHP-00001001,60077,15,True,,exact duplicate; retained first source row
SHP-00001001,83674,15,False,,exact duplicate; retained first source row
SHP-00001283,60140,15,True,,exact duplicate; retained first source row
SHP-00001283,81236,15,False,,exact duplicate; retained first source row
SHP-00056320,60190,15,True,,exact duplicate; retained first source row
SHP-00056320,74274,15,False,,exact duplicate; retained first source row
SHP-00050075,60191,14,True,,exact duplicate; retained first source row
SHP-00050075,80479,14,False,,exact duplicate; retained first source row
SHP-00000822,60241,15,True,,exact duplicate; retained first source row
SHP-00000822,62357,15,False,,exact duplicate; retained first source row
SHP-00023227,60248,14,True,,exact duplicate; retained first source row
SHP-00023227,87392,14,False,,exact duplicate; retained first source row
SHP-00034051,60335,14,True,,exact duplicate; retained first source row
SHP-00034051,87722,14,False,,exact duplicate; retained first source row
SHP-00009185,60372,15,True,,exact duplicate; retained first source row
SHP-00009185,68409,15,False,,exact duplicate; retained first source row
SHP-00019742,60536,12,False,transport_mode,retained highest-quality copy; conflict in transport_mode
SHP-00019742,62716,14,True,transport_mode,retained highest-quality copy; conflict in transport_mode
SHP-00067646,60563,15,True,freight_cost_usd,retained highest-quality copy; conflict in freight_cost_usd
SHP-00067646,68273,11,False,freight_cost_usd,retained highest-quality copy; conflict in freight_cost_usd
SHP-00000068,60631,15,True,,exact duplicate; retained first source row
SHP-00000068,69945,15,False,,exact duplicate; retained first source row
SHP-00035643,60644,15,True,,exact duplicate; retained first source row
SHP-00035643,82776,15,False,,exact duplicate; retained first source row
SHP-00021504,60709,7,False,shipment_weight_kg,retained highest-quality copy; conflict in shipment_weight_kg
SHP-00021504,88320,15,True,shipment_weight_kg,retained highest-quality copy; conflict in shipment_weight_kg
SHP-00053463,60732,15,True,,exact duplicate; retained first source row
SHP-00053463,66459,15,False,,exact duplicate; retained first source row
SHP-00027405,60736,15,True,,exact duplicate; retained first source row
SHP-00027405,87149,15,False,,exact duplicate; retained first source row
SHP-00022701,60768,14,True,,exact duplicate; retained first source row
SHP-00022701,64476,14,False,,exact duplicate; retained first source row
SHP-00009489,60769,15,True,,exact duplicate; retained first source row
SHP-00009489,62366,15,False,,exact duplicate; retained first source row
SHP-00081501,60819,15,True,,exact duplicate; retained first source row
SHP-00081501,63303,15,False,,exact duplicate; retained first source row
SHP-00053023,60851,15,True,,exact duplicate; retained first source row
SHP-00053023,84247,15,False,,exact duplicate; retained first source row
SHP-00002573,60862,15,True,,exact duplicate; retained first source row
SHP-00002573,68551,15,False,,exact duplicate; retained first source row
SHP-00079887,60916,15,True,,exact duplicate; retained first source row
SHP-00079887,77456,15,False,,exact duplicate; retained first source row
SHP-00029636,60934,14,True,,exact duplicate; retained first source row
SHP-00029636,64251,14,False,,exact duplicate; retained first source row
SHP-00065122,60940,14,True,,exact duplicate; retained first source row
SHP-00065122,75684,14,False,,exact duplicate; retained first source row
SHP-00025035,60949,15,True,,exact duplicate; retained first source row
SHP-00025035,84774,15,False,,exact duplicate; retained first source row
SHP-00064491,60997,15,True,,exact duplicate; retained first source row
SHP-00064491,83296,15,False,,exact duplicate; retained first source row
SHP-00025197,61047,14,True,shipment_weight_kg,retained highest-quality copy; conflict in shipment_weight_kg
SHP-00025197,80297,6,False,shipment_weight_kg,retained highest-quality copy; conflict in shipment_weight_kg
SHP-00048859,61070,15,True,,exact duplicate; retained first source row
SHP-00048859,83560,15,False,,exact duplicate; retained first source row
SHP-00015521,61077,14,True,,exact duplicate; retained first source row
SHP-00015521,69051,14,False,,exact duplicate; retained first source row
SHP-00045684,61124,14,True,,exact duplicate; retained first source row
SHP-00045684,79275,14,False,,exact duplicate; retained first source row
SHP-00004682,61213,15,True,,exact duplicate; retained first source row
SHP-00004682,81585,15,False,,exact duplicate; retained first source row
SHP-00085627,61216,14,True,,exact duplicate; retained first source row
SHP-00085627,72964,14,False,,exact duplicate; retained first source row
SHP-00069694,61225,15,True,,exact duplicate; retained first source row
SHP-00069694,66493,15,False,,exact duplicate; retained first source row
SHP-00000899,61234,14,True,,exact duplicate; retained first source row
SHP-00000899,73378,14,False,,exact duplicate; retained first source row
SHP-00031884,61319,15,True,,exact duplicate; retained first source row
SHP-00031884,83523,15,False,,exact duplicate; retained first source row
SHP-00051927,61320,15,True,,exact duplicate; retained first source row
SHP-00051927,70487,15,False,,exact duplicate; retained first source row
SHP-00070378,61333,15,True,,exact duplicate; retained first source row
SHP-00070378,85568,15,False,,exact duplicate; retained first source row
SHP-00050929,61364,15,True,,exact duplicate; retained first source row
SHP-00050929,85486,15,False,,exact duplicate; retained first source row
SHP-00020583,61401,14,True,,exact duplicate; retained first source row
SHP-00020583,63340,14,False,,exact duplicate; retained first source row
SHP-00076051,61437,14,True,,exact duplicate; retained first source row
SHP-00076051,85807,14,False,,exact duplicate; retained first source row
SHP-00005827,61440,15,True,,exact duplicate; retained first source row
SHP-00005827,81532,15,False,,exact duplicate; retained first source row
SHP-00084649,61454,15,True,shipment_weight_kg,retained highest-quality copy; conflict in shipment_weight_kg
SHP-00084649,78075,7,False,shipment_weight_kg,retained highest-quality copy; conflict in shipment_weight_kg
SHP-00015847,61519,15,True,,exact duplicate; retained first source row
SHP-00015847,66359,15,False,,exact duplicate; retained first source row
SHP-00054591,61605,14,True,,exact duplicate; retained first source row
SHP-00054591,76337,14,False,,exact duplicate; retained first source row
SHP-00061798,61632,15,True,freight_cost_usd,retained highest-quality copy; conflict in freight_cost_usd
SHP-00061798,74018,11,False,freight_cost_usd,retained highest-quality copy; conflict in freight_cost_usd
SHP-00067442,61656,15,True,,exact duplicate; retained first source row
SHP-00067442,74811,15,False,,exact duplicate; retained first source row
SHP-00074850,61766,15,True,,exact duplicate; retained first source row
SHP-00074850,71945,15,False,,exact duplicate; retained first source row
SHP-00039777,61771,14,True,,exact duplicate; retained first source row
SHP-00039777,87146,14,False,,exact duplicate; retained first source row
SHP-00007329,61806,15,True,,exact duplicate; retained first source row
SHP-00007329,76763,15,False,,exact duplicate; retained first source row
SHP-00033525,61813,15,True,,exact duplicate; retained first source row
SHP-00033525,70247,15,False,,exact duplicate; retained first source row
SHP-00032225,61820,15,True,,exact duplicate; retained first source row
SHP-00032225,86647,15,False,,exact duplicate; retained first source row
SHP-00034084,62017,14,True,,exact duplicate; retained first source row
SHP-00034084,68030,14,False,,exact duplicate; retained first source row
SHP-00079923,62094,15,True,,exact duplicate; retained first source row
SHP-00079923,68059,15,False,,exact duplicate; retained first source row
SHP-00084202,62105,14,True,,exact duplicate; retained first source row
SHP-00084202,84106,14,False,,exact duplicate; retained first source row
SHP-00026156,62242,14,True,,exact duplicate; retained first source row
SHP-00026156,81809,14,False,,exact duplicate; retained first source row
SHP-00041466,62306,15,True,,exact duplicate; retained first source row
SHP-00041466,78528,15,False,,exact duplicate; retained first source row
SHP-00007120,62327,15,True,,exact duplicate; retained first source row
SHP-00007120,65221,15,False,,exact duplicate; retained first source row
SHP-00014302,62329,15,True,,exact duplicate; retained first source row
SHP-00014302,62372,15,False,,exact duplicate; retained first source row
SHP-00053245,62554,15,True,,exact duplicate; retained first source row
SHP-00053245,85882,15,False,,exact duplicate; retained first source row
SHP-00041916,62618,7,False,shipment_weight_kg,retained highest-quality copy; conflict in shipment_weight_kg
SHP-00041916,65906,15,True,shipment_weight_kg,retained highest-quality copy; conflict in shipment_weight_kg
SHP-00079134,62734,15,True,,exact duplicate; retained first source row
SHP-00079134,83637,15,False,,exact duplicate; retained first source row
SHP-00003275,62884,14,True,,exact duplicate; retained first source row
SHP-00003275,72236,14,False,,exact duplicate; retained first source row
SHP-00042509,62887,15,True,,exact duplicate; retained first source row
SHP-00042509,67584,15,False,,exact duplicate; retained first source row
SHP-00080363,62892,14,True,,exact duplicate; retained first source row
SHP-00080363,78839,14,False,,exact duplicate; retained first source row
SHP-00018160,63022,15,True,,exact duplicate; retained first source row
SHP-00018160,71667,15,False,,exact duplicate; retained first source row
SHP-00021313,63066,14,True,,exact duplicate; retained first source row
SHP-00021313,77890,14,False,,exact duplicate; retained first source row
SHP-00060351,63121,15,True,,exact duplicate; retained first source row
SHP-00060351,63555,15,False,,exact duplicate; retained first source row
SHP-00036243,63127,14,True,,exact duplicate; retained first source row
SHP-00036243,81399,14,False,,exact duplicate; retained first source row
SHP-00006091,63152,15,True,transport_mode,retained highest-quality copy; conflict in transport_mode
SHP-00006091,85407,13,False,transport_mode,retained highest-quality copy; conflict in transport_mode
SHP-00006909,63321,15,True,,exact duplicate; retained first source row
SHP-00006909,84238,15,False,,exact duplicate; retained first source row
SHP-00066939,63365,15,True,,exact duplicate; retained first source row
SHP-00066939,72270,15,False,,exact duplicate; retained first source row
SHP-00014310,63458,15,True,,exact duplicate; retained first source row
SHP-00014310,80821,15,False,,exact duplicate; retained first source row
SHP-00042344,63486,15,True,,exact duplicate; retained first source row
SHP-00042344,68432,15,False,,exact duplicate; retained first source row
SHP-00002838,63571,7,False,shipment_weight_kg,retained highest-quality copy; conflict in shipment_weight_kg
SHP-00002838,80967,15,True,shipment_weight_kg,retained highest-quality copy; conflict in shipment_weight_kg
SHP-00069953,63666,15,True,shipment_weight_kg,retained highest-quality copy; conflict in shipment_weight_kg
SHP-00069953,78720,7,False,shipment_weight_kg,retained highest-quality copy; conflict in shipment_weight_kg
SHP-00039578,63715,14,True,,exact duplicate; retained first source row
SHP-00039578,76927,14,False,,exact duplicate; retained first source row
SHP-00069005,63907,15,True,,exact duplicate; retained first source row
SHP-00069005,65698,15,False,,exact duplicate; retained first source row
SHP-00070791,63988,15,True,,exact duplicate; retained first source row
SHP-00070791,71073,15,False,,exact duplicate; retained first source row
SHP-00002179,64008,15,True,,exact duplicate; retained first source row
SHP-00002179,87349,15,False,,exact duplicate; retained first source row
SHP-00013871,64012,14,True,,exact duplicate; retained first source row
SHP-00013871,70610,14,False,,exact duplicate; retained first source row
SHP-00071797,64053,15,True,,exact duplicate; retained first source row
SHP-00071797,82009,15,False,,exact duplicate; retained first source row
SHP-00033391,64057,14,True,,exact duplicate; retained first source row
SHP-00033391,84051,14,False,,exact duplicate; retained first source row
SHP-00072243,64079,14,True,shipment_weight_kg,retained highest-quality copy; conflict in shipment_weight_kg
SHP-00072243,85072,6,False,shipment_weight_kg,retained highest-quality copy; conflict in shipment_weight_kg
SHP-00043770,64094,14,True,,exact duplicate; retained first source row
SHP-00043770,74973,14,False,,exact duplicate; retained first source row
SHP-00008891,64267,15,True,,exact duplicate; retained first source row
SHP-00008891,81967,15,False,,exact duplicate; retained first source row
SHP-00082171,64273,15,True,,exact duplicate; retained first source row
SHP-00082171,64884,15,False,,exact duplicate; retained first source row
SHP-00020529,64282,14,True,,exact duplicate; retained first source row
SHP-00020529,66252,14,False,,exact duplicate; retained first source row
SHP-00067980,64288,15,True,,exact duplicate; retained first source row
SHP-00067980,81620,15,False,,exact duplicate; retained first source row
SHP-00073671,64314,15,True,,exact duplicate; retained first source row
SHP-00073671,69164,15,False,,exact duplicate; retained first source row
SHP-00083641,64328,15,True,,exact duplicate; retained first source row
SHP-00083641,81929,15,False,,exact duplicate; retained first source row
SHP-00000670,64408,15,True,shipment_weight_kg,retained highest-quality copy; conflict in shipment_weight_kg
SHP-00000670,74502,7,False,shipment_weight_kg,retained highest-quality copy; conflict in shipment_weight_kg
SHP-00051732,64437,15,True,,exact duplicate; retained first source row
SHP-00051732,76324,15,False,,exact duplicate; retained first source row
SHP-00081869,64457,14,True,,exact duplicate; retained first source row
SHP-00081869,70146,14,False,,exact duplicate; retained first source row
SHP-00024215,64503,15,True,,exact duplicate; retained first source row
SHP-00024215,81286,15,False,,exact duplicate; retained first source row
SHP-00053051,64682,14,True,,exact duplicate; retained first source row
SHP-00053051,74860,14,False,,exact duplicate; retained first source row
SHP-00042266,64835,15,True,,exact duplicate; retained first source row
SHP-00042266,73175,15,False,,exact duplicate; retained first source row
SHP-00068584,64851,15,True,,exact duplicate; retained first source row
SHP-00068584,81206,15,False,,exact duplicate; retained first source row
SHP-00063355,64888,14,True,,exact duplicate; retained first source row
SHP-00063355,70363,14,False,,exact duplicate; retained first source row
SHP-00033557,64892,15,True,,exact duplicate; retained first source row
SHP-00033557,84787,15,False,,exact duplicate; retained first source row
SHP-00057932,64893,15,True,,exact duplicate; retained first source row
SHP-00057932,86881,15,False,,exact duplicate; retained first source row
SHP-00017543,65008,15,True,,exact duplicate; retained first source row
SHP-00017543,74996,15,False,,exact duplicate; retained first source row
SHP-00046274,65075,14,True,,exact duplicate; retained first source row
SHP-00046274,85214,14,False,,exact duplicate; retained first source row
SHP-00035733,65076,15,True,,exact duplicate; retained first source row
SHP-00035733,79434,15,False,,exact duplicate; retained first source row
SHP-00010648,65112,15,True,,exact duplicate; retained first source row
SHP-00010648,82633,15,False,,exact duplicate; retained first source row
SHP-00026339,65114,14,True,,exact duplicate; retained first source row
SHP-00026339,73011,14,False,,exact duplicate; retained first source row
SHP-00070503,65146,14,True,,exact duplicate; retained first source row
SHP-00070503,77555,14,False,,exact duplicate; retained first source row
SHP-00016389,65159,14,True,,exact duplicate; retained first source row
SHP-00016389,69563,14,False,,exact duplicate; retained first source row
SHP-00053803,65260,15,True,,exact duplicate; retained first source row
SHP-00053803,73350,15,False,,exact duplicate; retained first source row
SHP-00077759,65409,15,True,,exact duplicate; retained first source row
SHP-00077759,88440,15,False,,exact duplicate; retained first source row
SHP-00067420,65414,15,True,,exact duplicate; retained first source row
SHP-00067420,87393,15,False,,exact duplicate; retained first source row
SHP-00049992,65467,14,True,,exact duplicate; retained first source row
SHP-00049992,71988,14,False,,exact duplicate; retained first source row
SHP-00010419,65472,15,True,,exact duplicate; retained first source row
SHP-00010419,85886,15,False,,exact duplicate; retained first source row
SHP-00057101,65679,15,True,,exact duplicate; retained first source row
SHP-00057101,75525,15,False,,exact duplicate; retained first source row
SHP-00037858,65716,14,True,,exact duplicate; retained first source row
SHP-00037858,84088,14,False,,exact duplicate; retained first source row
SHP-00043532,65814,15,True,,exact duplicate; retained first source row
SHP-00043532,87844,15,False,,exact duplicate; retained first source row
SHP-00056415,66018,14,True,,exact duplicate; retained first source row
SHP-00056415,85690,14,False,,exact duplicate; retained first source row
SHP-00003915,66067,15,True,,exact duplicate; retained first source row
SHP-00003915,68289,15,False,,exact duplicate; retained first source row
SHP-00059514,66208,15,True,,exact duplicate; retained first source row
SHP-00059514,88155,15,False,,exact duplicate; retained first source row
SHP-00009090,66217,15,True,,exact duplicate; retained first source row
SHP-00009090,73102,15,False,,exact duplicate; retained first source row
SHP-00010816,66290,15,True,,exact duplicate; retained first source row
SHP-00010816,67309,15,False,,exact duplicate; retained first source row
SHP-00063427,66307,15,True,,exact duplicate; retained first source row
SHP-00063427,81940,15,False,,exact duplicate; retained first source row
SHP-00083908,66441,15,True,,exact duplicate; retained first source row
SHP-00083908,79292,15,False,,exact duplicate; retained first source row
SHP-00002266,66450,15,True,,exact duplicate; retained first source row
SHP-00002266,76007,15,False,,exact duplicate; retained first source row
SHP-00072266,66551,14,True,,exact duplicate; retained first source row
SHP-00072266,85895,14,False,,exact duplicate; retained first source row
SHP-00012038,66602,15,True,,exact duplicate; retained first source row
SHP-00012038,73851,15,False,,exact duplicate; retained first source row
SHP-00080340,66652,15,True,,exact duplicate; retained first source row
SHP-00080340,76567,15,False,,exact duplicate; retained first source row
SHP-00043211,66721,15,True,,exact duplicate; retained first source row
SHP-00043211,84322,15,False,,exact duplicate; retained first source row
SHP-00033830,66760,15,True,,exact duplicate; retained first source row
SHP-00033830,81702,15,False,,exact duplicate; retained first source row
SHP-00076630,66903,15,True,,exact duplicate; retained first source row
SHP-00076630,83860,15,False,,exact duplicate; retained first source row
SHP-00033803,66929,15,True,,exact duplicate; retained first source row
SHP-00033803,68421,15,False,,exact duplicate; retained first source row
SHP-00001923,66930,15,True,,exact duplicate; retained first source row
SHP-00001923,68804,15,False,,exact duplicate; retained first source row
SHP-00046950,67334,14,True,,exact duplicate; retained first source row
SHP-00046950,77122,14,False,,exact duplicate; retained first source row
SHP-00045460,67441,15,True,,exact duplicate; retained first source row
SHP-00045460,79585,15,False,,exact duplicate; retained first source row
SHP-00034026,67512,14,True,,exact duplicate; retained first source row
SHP-00034026,71646,14,False,,exact duplicate; retained first source row
SHP-00053260,67553,15,True,,exact duplicate; retained first source row
SHP-00053260,68889,15,False,,exact duplicate; retained first source row
SHP-00054118,67645,15,True,,exact duplicate; retained first source row
SHP-00054118,73740,15,False,,exact duplicate; retained first source row
SHP-00075626,67654,14,True,,exact duplicate; retained first source row
SHP-00075626,86623,14,False,,exact duplicate; retained first source row
SHP-00003537,67706,14,True,,exact duplicate; retained first source row
SHP-00003537,84532,14,False,,exact duplicate; retained first source row
SHP-00042112,67800,14,True,,exact duplicate; retained first source row
SHP-00042112,82192,14,False,,exact duplicate; retained first source row
SHP-00058305,67873,15,True,,exact duplicate; retained first source row
SHP-00058305,88576,15,False,,exact duplicate; retained first source row
SHP-00056363,67880,14,True,,exact duplicate; retained first source row
SHP-00056363,69168,14,False,,exact duplicate; retained first source row
SHP-00016173,68149,14,True,,exact duplicate; retained first source row
SHP-00016173,82760,14,False,,exact duplicate; retained first source row
SHP-00003137,68153,15,True,,exact duplicate; retained first source row
SHP-00003137,81425,15,False,,exact duplicate; retained first source row
SHP-00048534,68318,15,True,,exact duplicate; retained first source row
SHP-00048534,76509,15,False,,exact duplicate; retained first source row
SHP-00033909,68417,15,True,,exact duplicate; retained first source row
SHP-00033909,87038,15,False,,exact duplicate; retained first source row
SHP-00040058,68578,15,True,,exact duplicate; retained first source row
SHP-00040058,78533,15,False,,exact duplicate; retained first source row
SHP-00028992,68603,15,True,,exact duplicate; retained first source row
SHP-00028992,78730,15,False,,exact duplicate; retained first source row
SHP-00009647,68684,14,True,,exact duplicate; retained first source row
SHP-00009647,78367,14,False,,exact duplicate; retained first source row
SHP-00016062,68753,15,True,,exact duplicate; retained first source row
SHP-00016062,69529,15,False,,exact duplicate; retained first source row
SHP-00024394,68758,15,True,,exact duplicate; retained first source row
SHP-00024394,79183,15,False,,exact duplicate; retained first source row
SHP-00026483,68821,14,True,,exact duplicate; retained first source row
SHP-00026483,75710,14,False,,exact duplicate; retained first source row
SHP-00015612,68898,14,True,,exact duplicate; retained first source row
SHP-00015612,77010,14,False,,exact duplicate; retained first source row
SHP-00037272,69008,15,True,,exact duplicate; retained first source row
SHP-00037272,76105,15,False,,exact duplicate; retained first source row
SHP-00017341,69099,15,True,,exact duplicate; retained first source row
SHP-00017341,72175,15,False,,exact duplicate; retained first source row
SHP-00025471,69102,14,True,,exact duplicate; retained first source row
SHP-00025471,71523,14,False,,exact duplicate; retained first source row
SHP-00080737,69125,15,True,,exact duplicate; retained first source row
SHP-00080737,72214,15,False,,exact duplicate; retained first source row
SHP-00079073,69303,14,True,,exact duplicate; retained first source row
SHP-00079073,76330,14,False,,exact duplicate; retained first source row
SHP-00046024,69509,14,True,,exact duplicate; retained first source row
SHP-00046024,75518,14,False,,exact duplicate; retained first source row
SHP-00063195,69676,15,True,,exact duplicate; retained first source row
SHP-00063195,77500,15,False,,exact duplicate; retained first source row
SHP-00054520,69692,8,False,"transport_mode, freight_cost_usd","retained highest-quality copy; conflict in transport_mode, freight_cost_usd"
SHP-00054520,80858,14,True,"transport_mode, freight_cost_usd","retained highest-quality copy; conflict in transport_mode, freight_cost_usd"
SHP-00009636,69844,15,True,freight_cost_usd,retained highest-quality copy; conflict in freight_cost_usd
SHP-00009636,72477,11,False,freight_cost_usd,retained highest-quality copy; conflict in freight_cost_usd
SHP-00032754,70027,15,True,,exact duplicate; retained first source row
SHP-00032754,70620,15,False,,exact duplicate; retained first source row
SHP-00083846,70069,15,True,,exact duplicate; retained first source row
SHP-00083846,83485,15,False,,exact duplicate; retained first source row
SHP-00043324,70101,14,True,,exact duplicate; retained first source row
SHP-00043324,80586,14,False,,exact duplicate; retained first source row
SHP-00017249,70171,14,True,,exact duplicate; retained first source row
SHP-00017249,71145,14,False,,exact duplicate; retained first source row
SHP-00050178,70304,15,True,,exact duplicate; retained first source row
SHP-00050178,78176,15,False,,exact duplicate; retained first source row
SHP-00056876,70314,15,True,,exact duplicate; retained first source row
SHP-00056876,86930,15,False,,exact duplicate; retained first source row
SHP-00028470,70337,14,True,,exact duplicate; retained first source row
SHP-00028470,73937,14,False,,exact duplicate; retained first source row
SHP-00053584,70362,15,True,,exact duplicate; retained first source row
SHP-00053584,79438,15,False,,exact duplicate; retained first source row
SHP-00007495,70613,15,True,,exact duplicate; retained first source row
SHP-00007495,72148,15,False,,exact duplicate; retained first source row
SHP-00011060,70716,15,True,,exact duplicate; retained first source row
SHP-00011060,78216,15,False,,exact duplicate; retained first source row
SHP-00005816,70851,15,True,,exact duplicate; retained first source row
SHP-00005816,78427,15,False,,exact duplicate; retained first source row
SHP-00016417,70855,14,True,,exact duplicate; retained first source row
SHP-00016417,81295,14,False,,exact duplicate; retained first source row
SHP-00075992,70857,15,True,,exact duplicate; retained first source row
SHP-00075992,82203,15,False,,exact duplicate; retained first source row
SHP-00072482,70907,15,True,,exact duplicate; retained first source row
SHP-00072482,86131,15,False,,exact duplicate; retained first source row
SHP-00005909,70961,15,True,,exact duplicate; retained first source row
SHP-00005909,74645,15,False,,exact duplicate; retained first source row
SHP-00047577,71097,14,True,shipment_weight_kg,retained highest-quality copy; conflict in shipment_weight_kg
SHP-00047577,78979,6,False,shipment_weight_kg,retained highest-quality copy; conflict in shipment_weight_kg
SHP-00014163,71113,14,True,,exact duplicate; retained first source row
SHP-00014163,81464,14,False,,exact duplicate; retained first source row
SHP-00056392,71135,14,True,,exact duplicate; retained first source row
SHP-00056392,71324,14,False,,exact duplicate; retained first source row
SHP-00072745,71353,15,True,,exact duplicate; retained first source row
SHP-00072745,87119,15,False,,exact duplicate; retained first source row
SHP-00017890,71456,14,True,,exact duplicate; retained first source row
SHP-00017890,76038,14,False,,exact duplicate; retained first source row
SHP-00058107,71539,15,True,,exact duplicate; retained first source row
SHP-00058107,84848,15,False,,exact duplicate; retained first source row
SHP-00020332,71603,13,False,transport_mode,retained highest-quality copy; conflict in transport_mode
SHP-00020332,72540,15,True,transport_mode,retained highest-quality copy; conflict in transport_mode
SHP-00009053,71669,15,True,,exact duplicate; retained first source row
SHP-00009053,85126,15,False,,exact duplicate; retained first source row
SHP-00003589,71926,15,True,,exact duplicate; retained first source row
SHP-00003589,84982,15,False,,exact duplicate; retained first source row
SHP-00033917,71968,14,True,,exact duplicate; retained first source row
SHP-00033917,85396,14,False,,exact duplicate; retained first source row
SHP-00036314,72023,15,True,,exact duplicate; retained first source row
SHP-00036314,76297,15,False,,exact duplicate; retained first source row
SHP-00037187,72078,15,True,,exact duplicate; retained first source row
SHP-00037187,82068,15,False,,exact duplicate; retained first source row
SHP-00044959,72292,14,True,,exact duplicate; retained first source row
SHP-00044959,82894,14,False,,exact duplicate; retained first source row
SHP-00045332,72340,14,True,,exact duplicate; retained first source row
SHP-00045332,86152,14,False,,exact duplicate; retained first source row
SHP-00069114,72495,15,True,,exact duplicate; retained first source row
SHP-00069114,81876,15,False,,exact duplicate; retained first source row
SHP-00046021,72538,10,False,freight_cost_usd,retained highest-quality copy; conflict in freight_cost_usd
SHP-00046021,87143,14,True,freight_cost_usd,retained highest-quality copy; conflict in freight_cost_usd
SHP-00071272,72566,7,False,shipment_weight_kg,retained highest-quality copy; conflict in shipment_weight_kg
SHP-00071272,85650,15,True,shipment_weight_kg,retained highest-quality copy; conflict in shipment_weight_kg
SHP-00064158,72588,15,True,,exact duplicate; retained first source row
SHP-00064158,79966,15,False,,exact duplicate; retained first source row
SHP-00021451,72639,15,True,,exact duplicate; retained first source row
SHP-00021451,85390,15,False,,exact duplicate; retained first source row
SHP-00002058,72661,15,True,,exact duplicate; retained first source row
SHP-00002058,81871,15,False,,exact duplicate; retained first source row
SHP-00029142,72864,15,True,,exact duplicate; retained first source row
SHP-00029142,81901,15,False,,exact duplicate; retained first source row
SHP-00031265,72899,14,True,,exact duplicate; retained first source row
SHP-00031265,74965,14,False,,exact duplicate; retained first source row
SHP-00044485,72985,14,True,,exact duplicate; retained first source row
SHP-00044485,76502,14,False,,exact duplicate; retained first source row
SHP-00067246,73036,14,True,,exact duplicate; retained first source row
SHP-00067246,80184,14,False,,exact duplicate; retained first source row
SHP-00071995,73225,14,True,,exact duplicate; retained first source row
SHP-00071995,81857,14,False,,exact duplicate; retained first source row
SHP-00061610,73269,11,False,freight_cost_usd,retained highest-quality copy; conflict in freight_cost_usd
SHP-00061610,88545,15,True,freight_cost_usd,retained highest-quality copy; conflict in freight_cost_usd
SHP-00009309,73349,15,True,,exact duplicate; retained first source row
SHP-00009309,76778,15,False,,exact duplicate; retained first source row
SHP-00008360,73381,15,True,,exact duplicate; retained first source row
SHP-00008360,76954,15,False,,exact duplicate; retained first source row
SHP-00071621,73497,14,True,,exact duplicate; retained first source row
SHP-00071621,83511,14,False,,exact duplicate; retained first source row
SHP-00083710,73498,15,True,,exact duplicate; retained first source row
SHP-00083710,81665,15,False,,exact duplicate; retained first source row
SHP-00019699,73549,14,True,,exact duplicate; retained first source row
SHP-00019699,78189,14,False,,exact duplicate; retained first source row
SHP-00064356,73619,14,True,shipment_weight_kg,retained highest-quality copy; conflict in shipment_weight_kg
SHP-00064356,77572,6,False,shipment_weight_kg,retained highest-quality copy; conflict in shipment_weight_kg
SHP-00001242,73623,15,True,,exact duplicate; retained first source row
SHP-00001242,77628,15,False,,exact duplicate; retained first source row
SHP-00078316,73852,15,True,,exact duplicate; retained first source row
SHP-00078316,78891,15,False,,exact duplicate; retained first source row
SHP-00036604,73922,15,True,,exact duplicate; retained first source row
SHP-00036604,79981,15,False,,exact duplicate; retained first source row
SHP-00047116,74032,15,True,shipment_weight_kg,retained highest-quality copy; conflict in shipment_weight_kg
SHP-00047116,83156,7,False,shipment_weight_kg,retained highest-quality copy; conflict in shipment_weight_kg
SHP-00067949,74299,15,True,,exact duplicate; retained first source row
SHP-00067949,81754,15,False,,exact duplicate; retained first source row
SHP-00014835,74389,15,True,,exact duplicate; retained first source row
SHP-00014835,77801,15,False,,exact duplicate; retained first source row
SHP-00037414,74394,14,True,,exact duplicate; retained first source row
SHP-00037414,77478,14,False,,exact duplicate; retained first source row
SHP-00028709,74929,15,True,,exact duplicate; retained first source row
SHP-00028709,76632,15,False,,exact duplicate; retained first source row
SHP-00077449,74994,14,True,,exact duplicate; retained first source row
SHP-00077449,85038,14,False,,exact duplicate; retained first source row
SHP-00017762,75415,15,True,,exact duplicate; retained first source row
SHP-00017762,87595,15,False,,exact duplicate; retained first source row
SHP-00012993,75555,14,True,,exact duplicate; retained first source row
SHP-00012993,81551,14,False,,exact duplicate; retained first source row
SHP-00002985,75568,15,True,,exact duplicate; retained first source row
SHP-00002985,83647,15,False,,exact duplicate; retained first source row
SHP-00062543,75592,15,True,,exact duplicate; retained first source row
SHP-00062543,83037,15,False,,exact duplicate; retained first source row
SHP-00022914,75608,15,True,,exact duplicate; retained first source row
SHP-00022914,83740,15,False,,exact duplicate; retained first source row
SHP-00035374,75616,14,True,,exact duplicate; retained first source row
SHP-00035374,81097,14,False,,exact duplicate; retained first source row
SHP-00007238,75657,14,True,,exact duplicate; retained first source row
SHP-00007238,83664,14,False,,exact duplicate; retained first source row
SHP-00017779,75668,15,True,,exact duplicate; retained first source row
SHP-00017779,85515,15,False,,exact duplicate; retained first source row
SHP-00081608,75747,15,True,,exact duplicate; retained first source row
SHP-00081608,78740,15,False,,exact duplicate; retained first source row
SHP-00025296,75847,14,True,,exact duplicate; retained first source row
SHP-00025296,84631,14,False,,exact duplicate; retained first source row
SHP-00058666,75890,15,True,,exact duplicate; retained first source row
SHP-00058666,81163,15,False,,exact duplicate; retained first source row
SHP-00060065,75963,14,True,,exact duplicate; retained first source row
SHP-00060065,85710,14,False,,exact duplicate; retained first source row
SHP-00041752,76085,14,True,,exact duplicate; retained first source row
SHP-00041752,79736,14,False,,exact duplicate; retained first source row
SHP-00076940,76216,15,True,,exact duplicate; retained first source row
SHP-00076940,80027,15,False,,exact duplicate; retained first source row
SHP-00080183,76539,15,True,transport_mode,retained highest-quality copy; conflict in transport_mode
SHP-00080183,78364,13,False,transport_mode,retained highest-quality copy; conflict in transport_mode
SHP-00054266,76575,15,True,,exact duplicate; retained first source row
SHP-00054266,86420,15,False,,exact duplicate; retained first source row
SHP-00066720,76682,14,True,,exact duplicate; retained first source row
SHP-00066720,79079,14,False,,exact duplicate; retained first source row
SHP-00037185,76814,7,False,shipment_weight_kg,retained highest-quality copy; conflict in shipment_weight_kg
SHP-00037185,82990,15,True,shipment_weight_kg,retained highest-quality copy; conflict in shipment_weight_kg
SHP-00064815,76985,14,True,,exact duplicate; retained first source row
SHP-00064815,85985,14,False,,exact duplicate; retained first source row
SHP-00031097,77101,15,True,,exact duplicate; retained first source row
SHP-00031097,84752,15,False,,exact duplicate; retained first source row
SHP-00082658,77188,14,True,,exact duplicate; retained first source row
SHP-00082658,80613,14,False,,exact duplicate; retained first source row
SHP-00020591,77224,15,True,,exact duplicate; retained first source row
SHP-00020591,88017,15,False,,exact duplicate; retained first source row
SHP-00021389,77416,14,True,,exact duplicate; retained first source row
SHP-00021389,87489,14,False,,exact duplicate; retained first source row
SHP-00081956,77498,14,True,,exact duplicate; retained first source row
SHP-00081956,88150,14,False,,exact duplicate; retained first source row
SHP-00055692,77747,15,True,,exact duplicate; retained first source row
SHP-00055692,79833,15,False,,exact duplicate; retained first source row
SHP-00082065,77856,14,True,,exact duplicate; retained first source row
SHP-00082065,87831,14,False,,exact duplicate; retained first source row
SHP-00020937,77958,15,True,,exact duplicate; retained first source row
SHP-00020937,86898,15,False,,exact duplicate; retained first source row
SHP-00040134,78178,15,True,,exact duplicate; retained first source row
SHP-00040134,87553,15,False,,exact duplicate; retained first source row
SHP-00008666,78407,15,True,,exact duplicate; retained first source row
SHP-00008666,84612,15,False,,exact duplicate; retained first source row
SHP-00030247,78424,14,True,,exact duplicate; retained first source row
SHP-00030247,87951,14,False,,exact duplicate; retained first source row
SHP-00010403,78441,15,True,,exact duplicate; retained first source row
SHP-00010403,82473,15,False,,exact duplicate; retained first source row
SHP-00034635,78480,14,True,,exact duplicate; retained first source row
SHP-00034635,88445,14,False,,exact duplicate; retained first source row
SHP-00038564,78627,14,True,,exact duplicate; retained first source row
SHP-00038564,83171,14,False,,exact duplicate; retained first source row
SHP-00062064,78741,15,True,,exact duplicate; retained first source row
SHP-00062064,87423,15,False,,exact duplicate; retained first source row
SHP-00035415,78814,15,True,transport_mode,retained highest-quality copy; conflict in transport_mode
SHP-00035415,88211,13,False,transport_mode,retained highest-quality copy; conflict in transport_mode
SHP-00054757,79225,14,True,,exact duplicate; retained first source row
SHP-00054757,81347,14,False,,exact duplicate; retained first source row
SHP-00017260,79289,15,True,,exact duplicate; retained first source row
SHP-00017260,87884,15,False,,exact duplicate; retained first source row
SHP-00026689,79435,15,True,,exact duplicate; retained first source row
SHP-00026689,81269,15,False,,exact duplicate; retained first source row
SHP-00064832,79513,14,True,,exact duplicate; retained first source row
SHP-00064832,88187,14,False,,exact duplicate; retained first source row
SHP-00073945,79718,15,True,,exact duplicate; retained first source row
SHP-00073945,87829,15,False,,exact duplicate; retained first source row
SHP-00054329,79845,14,True,,exact duplicate; retained first source row
SHP-00054329,80472,14,False,,exact duplicate; retained first source row
SHP-00064280,80645,15,True,,exact duplicate; retained first source row
SHP-00064280,84072,15,False,,exact duplicate; retained first source row
SHP-00081397,80672,15,True,,exact duplicate; retained first source row
SHP-00081397,88531,15,False,,exact duplicate; retained first source row
SHP-00009183,81212,14,True,,exact duplicate; retained first source row
SHP-00009183,85163,14,False,,exact duplicate; retained first source row
SHP-00078335,81278,15,True,,exact duplicate; retained first source row
SHP-00078335,81305,15,False,,exact duplicate; retained first source row
SHP-00082982,81311,15,True,,exact duplicate; retained first source row
SHP-00082982,83802,15,False,,exact duplicate; retained first source row
SHP-00037608,82140,15,True,,exact duplicate; retained first source row
SHP-00037608,82667,15,False,,exact duplicate; retained first source row
SHP-00021627,82151,15,True,,exact duplicate; retained first source row
SHP-00021627,84625,15,False,,exact duplicate; retained first source row
SHP-00082364,82414,15,True,freight_cost_usd,retained highest-quality copy; conflict in freight_cost_usd
SHP-00082364,86975,11,False,freight_cost_usd,retained highest-quality copy; conflict in freight_cost_usd
SHP-00082514,82640,15,True,,exact duplicate; retained first source row
SHP-00082514,83466,15,False,,exact duplicate; retained first source row
SHP-00073079,82901,15,True,,exact duplicate; retained first source row
SHP-00073079,85826,15,False,,exact duplicate; retained first source row
SHP-00059661,83026,15,True,,exact duplicate; retained first source row
SHP-00059661,83111,15,False,,exact duplicate; retained first source row
SHP-00080222,84188,14,True,,exact duplicate; retained first source row
SHP-00080222,84299,14,False,,exact duplicate; retained first source row
SHP-00073092,85091,15,True,,exact duplicate; retained first source row
SHP-00073092,86565,15,False,,exact duplicate; retained first source row
SHP-00013406,85844,15,True,,exact duplicate; retained first source row
SHP-00013406,87634,15,False,,exact duplicate; retained first source row
SHP-00076579,86644,15,True,,exact duplicate; retained first source row
SHP-00076579,87727,15,False,,exact duplicate; retained first source row
SHP-00014847,86668,15,True,,exact duplicate; retained first source row
SHP-00014847,86756,15,False,,exact duplicate; retained first source row
SHP-00056369,87537,15,True,,exact duplicate; retained first source row
SHP-00056369,88087,15,False,,exact duplicate; retained first source row
